Date,Month,Year,Day,Sales
2015-01-01,1,2015,3,451757
2015-01-02,1,2015,4,598938
2015-01-03,1,2015,5,444546
2015-01-04,1,2015,6,810450
2015-01-05,1,2015,0,972384
2015-01-06,1,2015,1,713535
2015-01-07,1,2015,2,450752
2015-01-08,1,2015,3,731828
2015-01-09,1,2015,4,538281
2015-01-10,1,2015,5,493180
2015-01-11,1,2015,6,888701
2015-01-12,1,2015,0,928185
2015-01-13,1,2015,1,512287
2015-01-14,1,2015,2,567797
2015-01-15,1,2015,3,449446
2015-01-16,1,2015,4,725148
2015-01-17,1,2015,5,635954
2015-01-18,1,2015,6,927575
2015-01-19,1,2015,0,757549
2015-01-20,1,2015,1,719016
2015-01-21,1,2015,2,455773
2015-01-22,1,2015,3,492435
2015-01-23,1,2015,4,742615
2015-01-24,1,2015,5,578317
2015-01-25,1,2015,6,889219
2015-01-26,1,2015,0,785405
2015-01-27,1,2015,1,644837
2015-01-28,1,2015,2,499312
2015-01-29,1,2015,3,764589
2015-01-30,1,2015,4,460747
2015-01-31,1,2015,5,451678
2015-02-01,2,2015,6,741717
2015-02-02,2,2015,0,800759
2015-02-03,2,2015,1,755803
2015-02-04,2,2015,2,455509
2015-02-05,2,2015,3,710420
2015-02-06,2,2015,4,485879
2015-02-07,2,2015,5,769304
2015-02-08,2,2015,6,835247
2015-02-09,2,2015,0,839444
2015-02-10,2,2015,1,524922
2015-02-11,2,2015,2,667251
2015-02-12,2,2015,3,604946
2015-02-13,2,2015,4,470926
2015-02-14,2,2015,5,747960
2015-02-15,2,2015,6,876323
2015-02-16,2,2015,0,761977
2015-02-17,2,2015,1,432979
2015-02-18,2,2015,2,586393
2015-02-19,2,2015,3,596478
2015-02-20,2,2015,4,611320
2015-02-21,2,2015,5,612977
2015-02-22,2,2015,6,774613
2015-02-23,2,2015,0,908607
2015-02-24,2,2015,1,581730
2015-02-25,2,2015,2,730514
2015-02-26,2,2015,3,538571
2015-02-27,2,2015,4,451336
2015-02-28,2,2015,5,714588
2015-03-01,3,2015,6,784237
2015-03-02,3,2015,0,860912
2015-03-03,3,2015,1,500395
2015-03-04,3,2015,2,768035
2015-03-05,3,2015,3,631090
2015-03-06,3,2015,4,753665
2015-03-07,3,2015,5,488211
2015-03-08,3,2015,6,700289
2015-03-09,3,2015,0,834543
2015-03-10,3,2015,1,646074
2015-03-11,3,2015,2,556970
2015-03-12,3,2015,3,433345
2015-03-13,3,2015,4,437609
2015-03-14,3,2015,5,454632
2015-03-15,3,2015,6,776184
2015-03-16,3,2015,0,874352
2015-03-17,3,2015,1,454034
2015-03-18,3,2015,2,779620
2015-03-19,3,2015,3,797889
2015-03-20,3,2015,4,537628
2015-03-21,3,2015,5,705106
2015-03-22,3,2015,6,938186
2015-03-23,3,2015,0,914122
2015-03-24,3,2015,1,476809
2015-03-25,3,2015,2,460480
2015-03-26,3,2015,3,421407
2015-03-27,3,2015,4,546226
2015-03-28,3,2015,5,401274
2015-03-29,3,2015,6,857082
2015-03-30,3,2015,0,828685
2015-03-31,3,2015,1,619066
2015-04-01,4,2015,2,522093
2015-04-02,4,2015,3,608139
2015-04-03,4,2015,4,581634
2015-04-04,4,2015,5,790268
2015-04-05,4,2015,6,934782
2015-04-06,4,2015,0,709306
2015-04-07,4,2015,1,458564
2015-04-08,4,2015,2,705594
2015-04-09,4,2015,3,680693
2015-04-10,4,2015,4,574398
2015-04-11,4,2015,5,574003
2015-04-12,4,2015,6,716942
2015-04-13,4,2015,0,785804
2015-04-14,4,2015,1,416409
2015-04-15,4,2015,2,486224
2015-04-16,4,2015,3,432897
2015-04-17,4,2015,4,696755
2015-04-18,4,2015,5,534383
2015-04-19,4,2015,6,732690
2015-04-20,4,2015,0,863737
2015-04-21,4,2015,1,422768
2015-04-22,4,2015,2,504430
2015-04-23,4,2015,3,768796
2015-04-24,4,2015,4,619669
2015-04-25,4,2015,5,540944
2015-04-26,4,2015,6,736480
2015-04-27,4,2015,0,960314
2015-04-28,4,2015,1,493510
2015-04-29,4,2015,2,680048
2015-04-30,4,2015,3,594730
2015-05-01,5,2015,4,675413
2015-05-02,5,2015,5,762449
2015-05-03,5,2015,6,974093
2015-05-04,5,2015,0,859301
2015-05-05,5,2015,1,726494
2015-05-06,5,2015,2,675994
2015-05-07,5,2015,3,662401
2015-05-08,5,2015,4,768558
2015-05-09,5,2015,5,604487
2015-05-10,5,2015,6,821601
2015-05-11,5,2015,0,896053
2015-05-12,5,2015,1,472535
2015-05-13,5,2015,2,773468
2015-05-14,5,2015,3,499713
2015-05-15,5,2015,4,485408
2015-05-16,5,2015,5,681728
2015-05-17,5,2015,6,822260
2015-05-18,5,2015,0,996793
2015-05-19,5,2015,1,703711
2015-05-20,5,2015,2,795333
2015-05-21,5,2015,3,505757
2015-05-22,5,2015,4,665695
2015-05-23,5,2015,5,596035
2015-05-24,5,2015,6,789255
2015-05-25,5,2015,0,822187
2015-05-26,5,2015,1,526114
2015-05-27,5,2015,2,425856
2015-05-28,5,2015,3,652247
2015-05-29,5,2015,4,405024
2015-05-30,5,2015,5,557730
2015-05-31,5,2015,6,765583
2015-06-01,6,2015,0,957737
2015-06-02,6,2015,1,545712
2015-06-03,6,2015,2,633388
2015-06-04,6,2015,3,632369
2015-06-05,6,2015,4,764275
2015-06-06,6,2015,5,467108
2015-06-07,6,2015,6,948693
2015-06-08,6,2015,0,989053
2015-06-09,6,2015,1,497515
2015-06-10,6,2015,2,659097
2015-06-11,6,2015,3,751608
2015-06-12,6,2015,4,743573
2015-06-13,6,2015,5,414029
2015-06-14,6,2015,6,736335
2015-06-15,6,2015,0,873008
2015-06-16,6,2015,1,592764
2015-06-17,6,2015,2,718885
2015-06-18,6,2015,3,579266
2015-06-19,6,2015,4,428560
2015-06-20,6,2015,5,581844
2015-06-21,6,2015,6,836483
2015-06-22,6,2015,0,799629
2015-06-23,6,2015,1,792981
2015-06-24,6,2015,2,480547
2015-06-25,6,2015,3,463209
2015-06-26,6,2015,4,739753
2015-06-27,6,2015,5,784200
2015-06-28,6,2015,6,810371
2015-06-29,6,2015,0,966235
2015-06-30,6,2015,1,768881
2015-07-01,7,2015,2,194520
2015-07-02,7,2015,3,86984
2015-07-03,7,2015,4,54821
2015-07-04,7,2015,5,197987
2015-07-05,7,2015,6,147536
2015-07-06,7,2015,0,171719
2015-07-07,7,2015,1,145802
2015-07-08,7,2015,2,137097
2015-07-09,7,2015,3,107730
2015-07-10,7,2015,4,69371
2015-07-11,7,2015,5,116233
2015-07-12,7,2015,6,118491
2015-07-13,7,2015,0,104537
2015-07-14,7,2015,1,88377
2015-07-15,7,2015,2,128903
2015-07-16,7,2015,3,150584
2015-07-17,7,2015,4,61450
2015-07-18,7,2015,5,170234
2015-07-19,7,2015,6,293209
2015-07-20,7,2015,0,174764
2015-07-21,7,2015,1,63786
2015-07-22,7,2015,2,123884
2015-07-23,7,2015,3,195813
2015-07-24,7,2015,4,186779
2015-07-25,7,2015,5,186935
2015-07-26,7,2015,6,252130
2015-07-27,7,2015,0,239537
2015-07-28,7,2015,1,124999
2015-07-29,7,2015,2,185804
2015-07-30,7,2015,3,180427
2015-07-31,7,2015,4,190112
2015-08-01,8,2015,5,103813
2015-08-02,8,2015,6,111152
2015-08-03,8,2015,0,115636
2015-08-04,8,2015,1,164194
2015-08-05,8,2015,2,59671
2015-08-06,8,2015,3,177099
2015-08-07,8,2015,4,165099
2015-08-08,8,2015,5,62302
2015-08-09,8,2015,6,185963
2015-08-10,8,2015,0,163051
2015-08-11,8,2015,1,167961
2015-08-12,8,2015,2,76304
2015-08-13,8,2015,3,83851
2015-08-14,8,2015,4,124913
2015-08-15,8,2015,5,148149
2015-08-16,8,2015,6,131908
2015-08-17,8,2015,0,267923
2015-08-18,8,2015,1,191897
2015-08-19,8,2015,2,97118
2015-08-20,8,2015,3,71052
2015-08-21,8,2015,4,158759
2015-08-22,8,2015,5,139101
2015-08-23,8,2015,6,294559
2015-08-24,8,2015,0,178156
2015-08-25,8,2015,1,141414
2015-08-26,8,2015,2,104032
2015-08-27,8,2015,3,199875
2015-08-28,8,2015,4,173728
2015-08-29,8,2015,5,141871
2015-08-30,8,2015,6,250957
2015-08-31,8,2015,0,281604
2015-09-01,9,2015,1,181576
2015-09-02,9,2015,2,137491
2015-09-03,9,2015,3,62068
2015-09-04,9,2015,4,78070
2015-09-05,9,2015,5,147043
2015-09-06,9,2015,6,204952
2015-09-07,9,2015,0,134067
2015-09-08,9,2015,1,126549
2015-09-09,9,2015,2,102409
2015-09-10,9,2015,3,197764
2015-09-11,9,2015,4,83043
2015-09-12,9,2015,5,174596
2015-09-13,9,2015,6,221221
2015-09-14,9,2015,0,230021
2015-09-15,9,2015,1,52463
2015-09-16,9,2015,2,180833
2015-09-17,9,2015,3,127493
2015-09-18,9,2015,4,78728
2015-09-19,9,2015,5,158999
2015-09-20,9,2015,6,128529
2015-09-21,9,2015,0,164360
2015-09-22,9,2015,1,137184
2015-09-23,9,2015,2,119185
2015-09-24,9,2015,3,116399
2015-09-25,9,2015,4,151828
2015-09-26,9,2015,5,86795
2015-09-27,9,2015,6,238423
2015-09-28,9,2015,0,213771
2015-09-29,9,2015,1,51839
2015-09-30,9,2015,2,87629
2015-10-01,10,2015,3,164696
2015-10-02,10,2015,4,66013
2015-10-03,10,2015,5,89226
2015-10-04,10,2015,6,271005
2015-10-05,10,2015,0,290742
2015-10-06,10,2015,1,62508
2015-10-07,10,2015,2,172959
2015-10-08,10,2015,3,99747
2015-10-09,10,2015,4,72741
2015-10-10,10,2015,5,141201
2015-10-11,10,2015,6,220448
2015-10-12,10,2015,0,213431
2015-10-13,10,2015,1,78834
2015-10-14,10,2015,2,141684
2015-10-15,10,2015,3,94933
2015-10-16,10,2015,4,68134
2015-10-17,10,2015,5,132151
2015-10-18,10,2015,6,233641
2015-10-19,10,2015,0,217167
2015-10-20,10,2015,1,130507
2015-10-21,10,2015,2,71663
2015-10-22,10,2015,3,91554
2015-10-23,10,2015,4,143509
2015-10-24,10,2015,5,85970
2015-10-25,10,2015,6,264977
2015-10-26,10,2015,0,253708
2015-10-27,10,2015,1,71057
2015-10-28,10,2015,2,96589
2015-10-29,10,2015,3,61907
2015-10-30,10,2015,4,94429
2015-10-31,10,2015,5,155911
2015-11-01,11,2015,6,834145
2015-11-02,11,2015,0,981813
2015-11-03,11,2015,1,727258
2015-11-04,11,2015,2,605153
2015-11-05,11,2015,3,400951
2015-11-06,11,2015,4,498111
2015-11-07,11,2015,5,622367
2015-11-08,11,2015,6,854371
2015-11-09,11,2015,0,805503
2015-11-10,11,2015,1,758410
2015-11-11,11,2015,2,573938
2015-11-12,11,2015,3,719151
2015-11-13,11,2015,4,606824
2015-11-14,11,2015,5,725910
2015-11-15,11,2015,6,929792
2015-11-16,11,2015,0,930502
2015-11-17,11,2015,1,742597
2015-11-18,11,2015,2,421550
2015-11-19,11,2015,3,750408
2015-11-20,11,2015,4,571893
2015-11-21,11,2015,5,738974
2015-11-22,11,2015,6,715283
2015-11-23,11,2015,0,722706
2015-11-24,11,2015,1,450522
2015-11-25,11,2015,2,444512
2015-11-26,11,2015,3,516190
2015-11-27,11,2015,4,622893
2015-11-28,11,2015,5,623001
2015-11-29,11,2015,6,915164
2015-11-30,11,2015,0,998752
2015-12-01,12,2015,1,626460
2015-12-02,12,2015,2,429203
2015-12-03,12,2015,3,797824
2015-12-04,12,2015,4,638075
2015-12-05,12,2015,5,471790
2015-12-06,12,2015,6,806406
2015-12-07,12,2015,0,952381
2015-12-08,12,2015,1,711664
2015-12-09,12,2015,2,746059
2015-12-10,12,2015,3,689030
2015-12-11,12,2015,4,682866
2015-12-12,12,2015,5,497304
2015-12-13,12,2015,6,952291
2015-12-14,12,2015,0,887956
2015-12-15,12,2015,1,425195
2015-12-16,12,2015,2,421466
2015-12-17,12,2015,3,445664
2015-12-18,12,2015,4,590980
2015-12-19,12,2015,5,626018
2015-12-20,12,2015,6,846776
2015-12-21,12,2015,0,841362
2015-12-22,12,2015,1,588358
2015-12-23,12,2015,2,488230
2015-12-24,12,2015,3,418019
2015-12-25,12,2015,4,668400
2015-12-26,12,2015,5,756751
2015-12-27,12,2015,6,943610
2015-12-28,12,2015,0,745741
2015-12-29,12,2015,1,761685
2015-12-30,12,2015,2,455158
2015-12-31,12,2015,3,648011
2016-01-01,1,2016,4,643007
2016-01-02,1,2016,5,511985
2016-01-03,1,2016,6,930022
2016-01-04,1,2016,0,811475
2016-01-05,1,2016,1,789474
2016-01-06,1,2016,2,424372
2016-01-07,1,2016,3,506245
2016-01-08,1,2016,4,494389
2016-01-09,1,2016,5,790154
2016-01-10,1,2016,6,951130
2016-01-11,1,2016,0,889694
2016-01-12,1,2016,1,511854
2016-01-13,1,2016,2,576259
2016-01-14,1,2016,3,445049
2016-01-15,1,2016,4,427899
2016-01-16,1,2016,5,704418
2016-01-17,1,2016,6,792685
2016-01-18,1,2016,0,710250
2016-01-19,1,2016,1,513957
2016-01-20,1,2016,2,765116
2016-01-21,1,2016,3,529535
2016-01-22,1,2016,4,753756
2016-01-23,1,2016,5,698576
2016-01-24,1,2016,6,869255
2016-01-25,1,2016,0,919274
2016-01-26,1,2016,1,478831
2016-01-27,1,2016,2,748961
2016-01-28,1,2016,3,785175
2016-01-29,1,2016,4,505466
2016-01-30,1,2016,5,754508
2016-01-31,1,2016,6,830729
2016-02-01,2,2016,0,763761
2016-02-02,2,2016,1,674332
2016-02-03,2,2016,2,530914
2016-02-04,2,2016,3,708534
2016-02-05,2,2016,4,793775
2016-02-06,2,2016,5,720012
2016-02-07,2,2016,6,890199
2016-02-08,2,2016,0,729267
2016-02-09,2,2016,1,408027
2016-02-10,2,2016,2,496696
2016-02-11,2,2016,3,490209
2016-02-12,2,2016,4,733647
2016-02-13,2,2016,5,624851
2016-02-14,2,2016,6,839368
2016-02-15,2,2016,0,759615
2016-02-16,2,2016,1,784028
2016-02-17,2,2016,2,509997
2016-02-18,2,2016,3,671880
2016-02-19,2,2016,4,573526
2016-02-20,2,2016,5,474236
2016-02-21,2,2016,6,969822
2016-02-22,2,2016,0,795955
2016-02-23,2,2016,1,679492
2016-02-24,2,2016,2,770908
2016-02-25,2,2016,3,648809
2016-02-26,2,2016,4,677972
2016-02-27,2,2016,5,754293
2016-02-28,2,2016,6,863458
2016-02-29,2,2016,0,765007
2016-03-01,3,2016,1,627942
2016-03-02,3,2016,2,476932
2016-03-03,3,2016,3,658095
2016-03-04,3,2016,4,755225
2016-03-05,3,2016,5,488619
2016-03-06,3,2016,6,768911
2016-03-07,3,2016,0,830774
2016-03-08,3,2016,1,771307
2016-03-09,3,2016,2,678674
2016-03-10,3,2016,3,614042
2016-03-11,3,2016,4,749208
2016-03-12,3,2016,5,741650
2016-03-13,3,2016,6,978070
2016-03-14,3,2016,0,913618
2016-03-15,3,2016,1,506105
2016-03-16,3,2016,2,588184
2016-03-17,3,2016,3,528892
2016-03-18,3,2016,4,417807
2016-03-19,3,2016,5,758466
2016-03-20,3,2016,6,884953
2016-03-21,3,2016,0,753641
2016-03-22,3,2016,1,788888
2016-03-23,3,2016,2,451342
2016-03-24,3,2016,3,475505
2016-03-25,3,2016,4,641652
2016-03-26,3,2016,5,708550
2016-03-27,3,2016,6,840286
2016-03-28,3,2016,0,804788
2016-03-29,3,2016,1,749625
2016-03-30,3,2016,2,749327
2016-03-31,3,2016,3,543564
2016-04-01,4,2016,4,662133
2016-04-02,4,2016,5,733009
2016-04-03,4,2016,6,838822
2016-04-04,4,2016,0,996051
2016-04-05,4,2016,1,560750
2016-04-06,4,2016,2,686606
2016-04-07,4,2016,3,632793
2016-04-08,4,2016,4,408428
2016-04-09,4,2016,5,682810
2016-04-10,4,2016,6,861529
2016-04-11,4,2016,0,811555
2016-04-12,4,2016,1,593697
2016-04-13,4,2016,2,732551
2016-04-14,4,2016,3,685140
2016-04-15,4,2016,4,663454
2016-04-16,4,2016,5,517220
2016-04-17,4,2016,6,764379
2016-04-18,4,2016,0,981656
2016-04-19,4,2016,1,586916
2016-04-20,4,2016,2,636839
2016-04-21,4,2016,3,429781
2016-04-22,4,2016,4,795666
2016-04-23,4,2016,5,598358
2016-04-24,4,2016,6,700156
2016-04-25,4,2016,0,918067
2016-04-26,4,2016,1,736044
2016-04-27,4,2016,2,729922
2016-04-28,4,2016,3,749112
2016-04-29,4,2016,4,576937
2016-04-30,4,2016,5,713293
2016-05-01,5,2016,6,997684
2016-05-02,5,2016,0,731787
2016-05-03,5,2016,1,732042
2016-05-04,5,2016,2,714819
2016-05-05,5,2016,3,608890
2016-05-06,5,2016,4,513070
2016-05-07,5,2016,5,563126
2016-05-08,5,2016,6,713408
2016-05-09,5,2016,0,884656
2016-05-10,5,2016,1,704371
2016-05-11,5,2016,2,763769
2016-05-12,5,2016,3,776000
2016-05-13,5,2016,4,417013
2016-05-14,5,2016,5,735195
2016-05-15,5,2016,6,999762
2016-05-16,5,2016,0,908869
2016-05-17,5,2016,1,484956
2016-05-18,5,2016,2,460890
2016-05-19,5,2016,3,404172
2016-05-20,5,2016,4,650510
2016-05-21,5,2016,5,477290
2016-05-22,5,2016,6,944653
2016-05-23,5,2016,0,866427
2016-05-24,5,2016,1,484266
2016-05-25,5,2016,2,706417
2016-05-26,5,2016,3,696142
2016-05-27,5,2016,4,564399
2016-05-28,5,2016,5,426832
2016-05-29,5,2016,6,772992
2016-05-30,5,2016,0,918825
2016-05-31,5,2016,1,550987
2016-06-01,6,2016,2,429547
2016-06-02,6,2016,3,695721
2016-06-03,6,2016,4,779569
2016-06-04,6,2016,5,424720
2016-06-05,6,2016,6,968319
2016-06-06,6,2016,0,954160
2016-06-07,6,2016,1,795986
2016-06-08,6,2016,2,744412
2016-06-09,6,2016,3,414046
2016-06-10,6,2016,4,500145
2016-06-11,6,2016,5,658728
2016-06-12,6,2016,6,950805
2016-06-13,6,2016,0,842420
2016-06-14,6,2016,1,445097
2016-06-15,6,2016,2,717465
2016-06-16,6,2016,3,747512
2016-06-17,6,2016,4,430068
2016-06-18,6,2016,5,756743
2016-06-19,6,2016,6,874316
2016-06-20,6,2016,0,954187
2016-06-21,6,2016,1,601694
2016-06-22,6,2016,2,565258
2016-06-23,6,2016,3,467131
2016-06-24,6,2016,4,592844
2016-06-25,6,2016,5,660042
2016-06-26,6,2016,6,727440
2016-06-27,6,2016,0,779254
2016-06-28,6,2016,1,640563
2016-06-29,6,2016,2,456410
2016-06-30,6,2016,3,639991
2016-07-01,7,2016,4,115145
2016-07-02,7,2016,5,62364
2016-07-03,7,2016,6,182264
2016-07-04,7,2016,0,130140
2016-07-05,7,2016,1,172667
2016-07-06,7,2016,2,143645
2016-07-07,7,2016,3,90089
2016-07-08,7,2016,4,66449
2016-07-09,7,2016,5,113861
2016-07-10,7,2016,6,154796
2016-07-11,7,2016,0,199111
2016-07-12,7,2016,1,177052
2016-07-13,7,2016,2,55844
2016-07-14,7,2016,3,99812
2016-07-15,7,2016,4,150590
2016-07-16,7,2016,5,144737
2016-07-17,7,2016,6,214422
2016-07-18,7,2016,0,186206
2016-07-19,7,2016,1,168998
2016-07-20,7,2016,2,77198
2016-07-21,7,2016,3,112681
2016-07-22,7,2016,4,149903
2016-07-23,7,2016,5,65090
2016-07-24,7,2016,6,129621
2016-07-25,7,2016,0,157587
2016-07-26,7,2016,1,153266
2016-07-27,7,2016,2,75069
2016-07-28,7,2016,3,141085
2016-07-29,7,2016,4,168973
2016-07-30,7,2016,5,65260
2016-07-31,7,2016,6,189492
2016-08-01,8,2016,0,215530
2016-08-02,8,2016,1,64639
2016-08-03,8,2016,2,163752
2016-08-04,8,2016,3,54779
2016-08-05,8,2016,4,118089
2016-08-06,8,2016,5,74003
2016-08-07,8,2016,6,178426
2016-08-08,8,2016,0,208724
2016-08-09,8,2016,1,132518
2016-08-10,8,2016,2,98543
2016-08-11,8,2016,3,165355
2016-08-12,8,2016,4,81461
2016-08-13,8,2016,5,135682
2016-08-14,8,2016,6,116734
2016-08-15,8,2016,0,254806
2016-08-16,8,2016,1,169235
2016-08-17,8,2016,2,139339
2016-08-18,8,2016,3,84619
2016-08-19,8,2016,4,153462
2016-08-20,8,2016,5,182057
2016-08-21,8,2016,6,195578
2016-08-22,8,2016,0,287431
2016-08-23,8,2016,1,113359
2016-08-24,8,2016,2,162803
2016-08-25,8,2016,3,181627
2016-08-26,8,2016,4,88896
2016-08-27,8,2016,5,122528
2016-08-28,8,2016,6,217749
2016-08-29,8,2016,0,187790
2016-08-30,8,2016,1,148563
2016-08-31,8,2016,2,97850
2016-09-01,9,2016,3,77577
2016-09-02,9,2016,4,119975
2016-09-03,9,2016,5,82263
2016-09-04,9,2016,6,276847
2016-09-05,9,2016,0,288267
2016-09-06,9,2016,1,158026
2016-09-07,9,2016,2,94866
2016-09-08,9,2016,3,169556
2016-09-09,9,2016,4,73516
2016-09-10,9,2016,5,196395
2016-09-11,9,2016,6,212516
2016-09-12,9,2016,0,204871
2016-09-13,9,2016,1,133979
2016-09-14,9,2016,2,161068
2016-09-15,9,2016,3,88158
2016-09-16,9,2016,4,63373
2016-09-17,9,2016,5,152102
2016-09-18,9,2016,6,235701
2016-09-19,9,2016,0,146051
2016-09-20,9,2016,1,163074
2016-09-21,9,2016,2,93297
2016-09-22,9,2016,3,141837
2016-09-23,9,2016,4,101548
2016-09-24,9,2016,5,64720
2016-09-25,9,2016,6,288646
2016-09-26,9,2016,0,235013
2016-09-27,9,2016,1,119340
2016-09-28,9,2016,2,53266
2016-09-29,9,2016,3,132645
2016-09-30,9,2016,4,151052
2016-10-01,10,2016,5,50850
2016-10-02,10,2016,6,132805
2016-10-03,10,2016,0,155518
2016-10-04,10,2016,1,59540
2016-10-05,10,2016,2,175661
2016-10-06,10,2016,3,125836
2016-10-07,10,2016,4,195949
2016-10-08,10,2016,5,82816
2016-10-09,10,2016,6,193782
2016-10-10,10,2016,0,253840
2016-10-11,10,2016,1,177960
2016-10-12,10,2016,2,97498
2016-10-13,10,2016,3,100247
2016-10-14,10,2016,4,89238
2016-10-15,10,2016,5,125719
2016-10-16,10,2016,6,131289
2016-10-17,10,2016,0,241110
2016-10-18,10,2016,1,126224
2016-10-19,10,2016,2,196066
2016-10-20,10,2016,3,114710
2016-10-21,10,2016,4,76842
2016-10-22,10,2016,5,55972
2016-10-23,10,2016,6,208442
2016-10-24,10,2016,0,218723
2016-10-25,10,2016,1,65815
2016-10-26,10,2016,2,68283
2016-10-27,10,2016,3,159941
2016-10-28,10,2016,4,65795
2016-10-29,10,2016,5,83333
2016-10-30,10,2016,6,145263
2016-10-31,10,2016,0,160650
2016-11-01,11,2016,1,445168
2016-11-02,11,2016,2,444911
2016-11-03,11,2016,3,538953
2016-11-04,11,2016,4,681824
2016-11-05,11,2016,5,551857
2016-11-06,11,2016,6,956466
2016-11-07,11,2016,0,765145
2016-11-08,11,2016,1,612694
2016-11-09,11,2016,2,519070
2016-11-10,11,2016,3,587591
2016-11-11,11,2016,4,719655
2016-11-12,11,2016,5,552164
2016-11-13,11,2016,6,947706
2016-11-14,11,2016,0,905605
2016-11-15,11,2016,1,658132
2016-11-16,11,2016,2,649620
2016-11-17,11,2016,3,490522
2016-11-18,11,2016,4,546546
2016-11-19,11,2016,5,680289
2016-11-20,11,2016,6,950446
2016-11-21,11,2016,0,960667
2016-11-22,11,2016,1,664195
2016-11-23,11,2016,2,564139
2016-11-24,11,2016,3,431939
2016-11-25,11,2016,4,643784
2016-11-26,11,2016,5,538688
2016-11-27,11,2016,6,844734
2016-11-28,11,2016,0,961889
2016-11-29,11,2016,1,717742
2016-11-30,11,2016,2,640449
2016-12-01,12,2016,3,627786
2016-12-02,12,2016,4,550080
2016-12-03,12,2016,5,589261
2016-12-04,12,2016,6,916798
2016-12-05,12,2016,0,796399
2016-12-06,12,2016,1,659996
2016-12-07,12,2016,2,584494
2016-12-08,12,2016,3,594267
2016-12-09,12,2016,4,504842
2016-12-10,12,2016,5,544409
2016-12-11,12,2016,6,750276
2016-12-12,12,2016,0,950352
2016-12-13,12,2016,1,700840
2016-12-14,12,2016,2,767552
2016-12-15,12,2016,3,733973
2016-12-16,12,2016,4,460197
2016-12-17,12,2016,5,628459
2016-12-18,12,2016,6,726145
2016-12-19,12,2016,0,834354
2016-12-20,12,2016,1,652764
2016-12-21,12,2016,2,560013
2016-12-22,12,2016,3,782308
2016-12-23,12,2016,4,662723
2016-12-24,12,2016,5,451427
2016-12-25,12,2016,6,739183
2016-12-26,12,2016,0,728481
2016-12-27,12,2016,1,707727
2016-12-28,12,2016,2,612761
2016-12-29,12,2016,3,406404
2016-12-30,12,2016,4,531635
2016-12-31,12,2016,5,581883
2017-01-01,1,2017,6,755436
2017-01-02,1,2017,0,981337
2017-01-03,1,2017,1,423101
2017-01-04,1,2017,2,765554
2017-01-05,1,2017,3,604639
2017-01-06,1,2017,4,560356
2017-01-07,1,2017,5,473417
2017-01-08,1,2017,6,975028
2017-01-09,1,2017,0,805380
2017-01-10,1,2017,1,795965
2017-01-11,1,2017,2,562820
2017-01-12,1,2017,3,568345
2017-01-13,1,2017,4,720636
2017-01-14,1,2017,5,630792
2017-01-15,1,2017,6,942126
2017-01-16,1,2017,0,795198
2017-01-17,1,2017,1,674282
2017-01-18,1,2017,2,660640
2017-01-19,1,2017,3,468932
2017-01-20,1,2017,4,463093
2017-01-21,1,2017,5,482525
2017-01-22,1,2017,6,742447
2017-01-23,1,2017,0,839006
2017-01-24,1,2017,1,423613
2017-01-25,1,2017,2,469179
2017-01-26,1,2017,3,718926
2017-01-27,1,2017,4,735531
2017-01-28,1,2017,5,799675
2017-01-29,1,2017,6,803104
2017-01-30,1,2017,0,943671
2017-01-31,1,2017,1,577575
2017-02-01,2,2017,2,545216
2017-02-02,2,2017,3,432474
2017-02-03,2,2017,4,677386
2017-02-04,2,2017,5,425383
2017-02-05,2,2017,6,798786
2017-02-06,2,2017,0,824393
2017-02-07,2,2017,1,427419
2017-02-08,2,2017,2,686095
2017-02-09,2,2017,3,703687
2017-02-10,2,2017,4,593546
2017-02-11,2,2017,5,572632
2017-02-12,2,2017,6,814324
2017-02-13,2,2017,0,962491
2017-02-14,2,2017,1,637432
2017-02-15,2,2017,2,788672
2017-02-16,2,2017,3,618390
2017-02-17,2,2017,4,424789
2017-02-18,2,2017,5,443538
2017-02-19,2,2017,6,771668
2017-02-20,2,2017,0,930334
2017-02-21,2,2017,1,449728
2017-02-22,2,2017,2,764271
2017-02-23,2,2017,3,769976
2017-02-24,2,2017,4,612646
2017-02-25,2,2017,5,722239
2017-02-26,2,2017,6,713968
2017-02-27,2,2017,0,781225
2017-02-28,2,2017,1,451173
2017-03-01,3,2017,2,617805
2017-03-02,3,2017,3,605618
2017-03-03,3,2017,4,625150
2017-03-04,3,2017,5,728705
2017-03-05,3,2017,6,928594
2017-03-06,3,2017,0,939036
2017-03-07,3,2017,1,532922
2017-03-08,3,2017,2,412280
2017-03-09,3,2017,3,711653
2017-03-10,3,2017,4,661986
2017-03-11,3,2017,5,604980
2017-03-12,3,2017,6,712671
2017-03-13,3,2017,0,736257
2017-03-14,3,2017,1,717104
2017-03-15,3,2017,2,487283
2017-03-16,3,2017,3,671028
2017-03-17,3,2017,4,724085
2017-03-18,3,2017,5,638995
2017-03-19,3,2017,6,962142
2017-03-20,3,2017,0,914235
2017-03-21,3,2017,1,764813
2017-03-22,3,2017,2,763254
2017-03-23,3,2017,3,569395
2017-03-24,3,2017,4,683245
2017-03-25,3,2017,5,538582
2017-03-26,3,2017,6,714483
2017-03-27,3,2017,0,782146
2017-03-28,3,2017,1,604125
2017-03-29,3,2017,2,503236
2017-03-30,3,2017,3,687930
2017-03-31,3,2017,4,513847
2017-04-01,4,2017,5,403125
2017-04-02,4,2017,6,839773
2017-04-03,4,2017,0,815022
2017-04-04,4,2017,1,669799
2017-04-05,4,2017,2,688208
2017-04-06,4,2017,3,794120
2017-04-07,4,2017,4,746175
2017-04-08,4,2017,5,480155
2017-04-09,4,2017,6,765137
2017-04-10,4,2017,0,953444
2017-04-11,4,2017,1,545464
2017-04-12,4,2017,2,402741
2017-04-13,4,2017,3,487763
2017-04-14,4,2017,4,420257
2017-04-15,4,2017,5,666795
2017-04-16,4,2017,6,880082
2017-04-17,4,2017,0,983268
2017-04-18,4,2017,1,536187
2017-04-19,4,2017,2,798365
2017-04-20,4,2017,3,622590
2017-04-21,4,2017,4,539029
2017-04-22,4,2017,5,627303
2017-04-23,4,2017,6,969219
2017-04-24,4,2017,0,895835
2017-04-25,4,2017,1,791337
2017-04-26,4,2017,2,533588
2017-04-27,4,2017,3,534341
2017-04-28,4,2017,4,471305
2017-04-29,4,2017,5,704638
2017-04-30,4,2017,6,835609
2017-05-01,5,2017,0,972945
2017-05-02,5,2017,1,408434
2017-05-03,5,2017,2,651679
2017-05-04,5,2017,3,409266
2017-05-05,5,2017,4,575885
2017-05-06,5,2017,5,765872
2017-05-07,5,2017,6,905465
2017-05-08,5,2017,0,891818
2017-05-09,5,2017,1,511977
2017-05-10,5,2017,2,694576
2017-05-11,5,2017,3,747033
2017-05-12,5,2017,4,712566
2017-05-13,5,2017,5,570580
2017-05-14,5,2017,6,792717
2017-05-15,5,2017,0,766954
2017-05-16,5,2017,1,675234
2017-05-17,5,2017,2,795479
2017-05-18,5,2017,3,767087
2017-05-19,5,2017,4,741928
2017-05-20,5,2017,5,792012
2017-05-21,5,2017,6,853335
2017-05-22,5,2017,0,938609
2017-05-23,5,2017,1,749264
2017-05-24,5,2017,2,419448
2017-05-25,5,2017,3,772130
2017-05-26,5,2017,4,488624
2017-05-27,5,2017,5,685828
2017-05-28,5,2017,6,986908
2017-05-29,5,2017,0,830717
2017-05-30,5,2017,1,606827
2017-05-31,5,2017,2,609414
2017-06-01,6,2017,3,472526
2017-06-02,6,2017,4,518644
2017-06-03,6,2017,5,765896
2017-06-04,6,2017,6,824577
2017-06-05,6,2017,0,830174
2017-06-06,6,2017,1,435578
2017-06-07,6,2017,2,699831
2017-06-08,6,2017,3,716736
2017-06-09,6,2017,4,699426
2017-06-10,6,2017,5,718703
2017-06-11,6,2017,6,948087
2017-06-12,6,2017,0,777696
2017-06-13,6,2017,1,525794
2017-06-14,6,2017,2,611179
2017-06-15,6,2017,3,576266
2017-06-16,6,2017,4,540827
2017-06-17,6,2017,5,507033
2017-06-18,6,2017,6,928613
2017-06-19,6,2017,0,827184
2017-06-20,6,2017,1,697232
2017-06-21,6,2017,2,478142
2017-06-22,6,2017,3,438790
2017-06-23,6,2017,4,768796
2017-06-24,6,2017,5,674978
2017-06-25,6,2017,6,898089
2017-06-26,6,2017,0,870097
2017-06-27,6,2017,1,652803
2017-06-28,6,2017,2,423790
2017-06-29,6,2017,3,712682
2017-06-30,6,2017,4,554299
2017-07-01,7,2017,5,190165
2017-07-02,7,2017,6,251138
2017-07-03,7,2017,0,179078
2017-07-04,7,2017,1,146200
2017-07-05,7,2017,2,119244
2017-07-06,7,2017,3,72475
2017-07-07,7,2017,4,50945
2017-07-08,7,2017,5,111151
2017-07-09,7,2017,6,142492
2017-07-10,7,2017,0,254697
2017-07-11,7,2017,1,91940
2017-07-12,7,2017,2,126610
2017-07-13,7,2017,3,160326
2017-07-14,7,2017,4,188233
2017-07-15,7,2017,5,116088
2017-07-16,7,2017,6,273364
2017-07-17,7,2017,0,107439
2017-07-18,7,2017,1,126731
2017-07-19,7,2017,2,52246
2017-07-20,7,2017,3,128955
2017-07-21,7,2017,4,59695
2017-07-22,7,2017,5,136274
2017-07-23,7,2017,6,248478
2017-07-24,7,2017,0,222182
2017-07-25,7,2017,1,148173
2017-07-26,7,2017,2,176447
2017-07-27,7,2017,3,163681
2017-07-28,7,2017,4,53679
2017-07-29,7,2017,5,145636
2017-07-30,7,2017,6,151953
2017-07-31,7,2017,0,135224
2017-08-01,8,2017,1,96337
2017-08-02,8,2017,2,75680
2017-08-03,8,2017,3,78173
2017-08-04,8,2017,4,199068
2017-08-05,8,2017,5,135605
2017-08-06,8,2017,6,279967
2017-08-07,8,2017,0,117298
2017-08-08,8,2017,1,144758
2017-08-09,8,2017,2,184900
2017-08-10,8,2017,3,127496
2017-08-11,8,2017,4,57389
2017-08-12,8,2017,5,177543
2017-08-13,8,2017,6,295463
2017-08-14,8,2017,0,127578
2017-08-15,8,2017,1,197902
2017-08-16,8,2017,2,123451
2017-08-17,8,2017,3,157165
2017-08-18,8,2017,4,142226
2017-08-19,8,2017,5,131881
2017-08-20,8,2017,6,162763
2017-08-21,8,2017,0,178151
2017-08-22,8,2017,1,190983
2017-08-23,8,2017,2,191367
2017-08-24,8,2017,3,127198
2017-08-25,8,2017,4,195979
2017-08-26,8,2017,5,142628
2017-08-27,8,2017,6,207479
2017-08-28,8,2017,0,128415
2017-08-29,8,2017,1,63415
2017-08-30,8,2017,2,187616
2017-08-31,8,2017,3,56326
2017-09-01,9,2017,4,140777
2017-09-02,9,2017,5,88143
2017-09-03,9,2017,6,119359
2017-09-04,9,2017,0,268747
2017-09-05,9,2017,1,112361
2017-09-06,9,2017,2,64775
2017-09-07,9,2017,3,156869
2017-09-08,9,2017,4,106631
2017-09-09,9,2017,5,128618
2017-09-10,9,2017,6,280624
2017-09-11,9,2017,0,261767
2017-09-12,9,2017,1,154110
2017-09-13,9,2017,2,168091
2017-09-14,9,2017,3,133342
2017-09-15,9,2017,4,135144
2017-09-16,9,2017,5,85401
2017-09-17,9,2017,6,115507
2017-09-18,9,2017,0,151408
2017-09-19,9,2017,1,99138
2017-09-20,9,2017,2,83036
2017-09-21,9,2017,3,117715
2017-09-22,9,2017,4,102487
2017-09-23,9,2017,5,152905
2017-09-24,9,2017,6,178548
2017-09-25,9,2017,0,154930
2017-09-26,9,2017,1,100829
2017-09-27,9,2017,2,180903
2017-09-28,9,2017,3,128358
2017-09-29,9,2017,4,176005
2017-09-30,9,2017,5,178142
2017-10-01,10,2017,6,252387
2017-10-02,10,2017,0,100331
2017-10-03,10,2017,1,167249
2017-10-04,10,2017,2,97034
2017-10-05,10,2017,3,105490
2017-10-06,10,2017,4,72436
2017-10-07,10,2017,5,178916
2017-10-08,10,2017,6,293888
2017-10-09,10,2017,0,123118
2017-10-10,10,2017,1,167652
2017-10-11,10,2017,2,65189
2017-10-12,10,2017,3,95009
2017-10-13,10,2017,4,195466
2017-10-14,10,2017,5,139370
2017-10-15,10,2017,6,292247
2017-10-16,10,2017,0,207645
2017-10-17,10,2017,1,149762
2017-10-18,10,2017,2,193217
2017-10-19,10,2017,3,168864
2017-10-20,10,2017,4,142433
2017-10-21,10,2017,5,163510
2017-10-22,10,2017,6,185331
2017-10-23,10,2017,0,274501
2017-10-24,10,2017,1,150485
2017-10-25,10,2017,2,57939
2017-10-26,10,2017,3,50853
2017-10-27,10,2017,4,138391
2017-10-28,10,2017,5,104169
2017-10-29,10,2017,6,276014
2017-10-30,10,2017,0,194792
2017-10-31,10,2017,1,106405
2017-11-01,11,2017,2,789871
2017-11-02,11,2017,3,645272
2017-11-03,11,2017,4,717960
2017-11-04,11,2017,5,617714
2017-11-05,11,2017,6,762489
2017-11-06,11,2017,0,951823
2017-11-07,11,2017,1,692016
2017-11-08,11,2017,2,516209
2017-11-09,11,2017,3,678634
2017-11-10,11,2017,4,722124
2017-11-11,11,2017,5,683557
2017-11-12,11,2017,6,960262
2017-11-13,11,2017,0,898043
2017-11-14,11,2017,1,748175
2017-11-15,11,2017,2,694099
2017-11-16,11,2017,3,735560
2017-11-17,11,2017,4,481991
2017-11-18,11,2017,5,481012
2017-11-19,11,2017,6,943731
2017-11-20,11,2017,0,975010
2017-11-21,11,2017,1,641119
2017-11-22,11,2017,2,606422
2017-11-23,11,2017,3,407066
2017-11-24,11,2017,4,703241
2017-11-25,11,2017,5,662163
2017-11-26,11,2017,6,849351
2017-11-27,11,2017,0,740518
2017-11-28,11,2017,1,511160
2017-11-29,11,2017,2,716987
2017-11-30,11,2017,3,679303
2017-12-01,12,2017,4,741547
2017-12-02,12,2017,5,608633
2017-12-03,12,2017,6,891918
2017-12-04,12,2017,0,848413
2017-12-05,12,2017,1,629396
2017-12-06,12,2017,2,592806
2017-12-07,12,2017,3,694385
2017-12-08,12,2017,4,600797
2017-12-09,12,2017,5,701369
2017-12-10,12,2017,6,883400
2017-12-11,12,2017,0,702052
2017-12-12,12,2017,1,559471
2017-12-13,12,2017,2,438102
2017-12-14,12,2017,3,784288
2017-12-15,12,2017,4,585621
2017-12-16,12,2017,5,421638
2017-12-17,12,2017,6,787546
2017-12-18,12,2017,0,920883
2017-12-19,12,2017,1,756694
2017-12-20,12,2017,2,452560
2017-12-21,12,2017,3,506568
2017-12-22,12,2017,4,733504
2017-12-23,12,2017,5,492433
2017-12-24,12,2017,6,973533
2017-12-25,12,2017,0,928212
2017-12-26,12,2017,1,658413
2017-12-27,12,2017,2,466638
2017-12-28,12,2017,3,758013
2017-12-29,12,2017,4,676827
2017-12-30,12,2017,5,419809
2017-12-31,12,2017,6,917186
2018-01-01,1,2018,0,835261
2018-01-02,1,2018,1,788245
2018-01-03,1,2018,2,718776
2018-01-04,1,2018,3,571132
2018-01-05,1,2018,4,508260
2018-01-06,1,2018,5,775565
2018-01-07,1,2018,6,712487
2018-01-08,1,2018,0,921046
2018-01-09,1,2018,1,620540
2018-01-10,1,2018,2,695438
2018-01-11,1,2018,3,490625
2018-01-12,1,2018,4,549423
2018-01-13,1,2018,5,558058
2018-01-14,1,2018,6,759143
2018-01-15,1,2018,0,850276
2018-01-16,1,2018,1,557689
2018-01-17,1,2018,2,583656
2018-01-18,1,2018,3,675737
2018-01-19,1,2018,4,580137
2018-01-20,1,2018,5,591597
2018-01-21,1,2018,6,715394
2018-01-22,1,2018,0,937119
2018-01-23,1,2018,1,433774
2018-01-24,1,2018,2,468761
2018-01-25,1,2018,3,467296
2018-01-26,1,2018,4,469739
2018-01-27,1,2018,5,600563
2018-01-28,1,2018,6,755317
2018-01-29,1,2018,0,728248
2018-01-30,1,2018,1,648384
2018-01-31,1,2018,2,402964
2018-02-01,2,2018,3,579562
2018-02-02,2,2018,4,572951
2018-02-03,2,2018,5,705222
2018-02-04,2,2018,6,802137
2018-02-05,2,2018,0,740708
2018-02-06,2,2018,1,621109
2018-02-07,2,2018,2,596103
2018-02-08,2,2018,3,415081
2018-02-09,2,2018,4,672908
2018-02-10,2,2018,5,678775
2018-02-11,2,2018,6,985934
2018-02-12,2,2018,0,932566
2018-02-13,2,2018,1,531595
2018-02-14,2,2018,2,591380
2018-02-15,2,2018,3,527950
2018-02-16,2,2018,4,588400
2018-02-17,2,2018,5,463190
2018-02-18,2,2018,6,715008
2018-02-19,2,2018,0,905152
2018-02-20,2,2018,1,446579
2018-02-21,2,2018,2,570676
2018-02-22,2,2018,3,566838
2018-02-23,2,2018,4,694874
2018-02-24,2,2018,5,772347
2018-02-25,2,2018,6,923664
2018-02-26,2,2018,0,910569
2018-02-27,2,2018,1,507016
2018-02-28,2,2018,2,512278
2018-03-01,3,2018,3,786157
2018-03-02,3,2018,4,607466
2018-03-03,3,2018,5,595678
2018-03-04,3,2018,6,873487
2018-03-05,3,2018,0,871104
2018-03-06,3,2018,1,462427
2018-03-07,3,2018,2,507170
2018-03-08,3,2018,3,622024
2018-03-09,3,2018,4,558560
2018-03-10,3,2018,5,675010
2018-03-11,3,2018,6,702743
2018-03-12,3,2018,0,944809
2018-03-13,3,2018,1,784959
2018-03-14,3,2018,2,790620
2018-03-15,3,2018,3,461129
2018-03-16,3,2018,4,710024
2018-03-17,3,2018,5,641473
2018-03-18,3,2018,6,853470
2018-03-19,3,2018,0,855044
2018-03-20,3,2018,1,527708
2018-03-21,3,2018,2,526034
2018-03-22,3,2018,3,796233
2018-03-23,3,2018,4,581604
2018-03-24,3,2018,5,651210
2018-03-25,3,2018,6,970191
2018-03-26,3,2018,0,774586
2018-03-27,3,2018,1,729656
2018-03-28,3,2018,2,720742
2018-03-29,3,2018,3,635952
2018-03-30,3,2018,4,731435
2018-03-31,3,2018,5,583616
2018-04-01,4,2018,6,913545
2018-04-02,4,2018,0,877307
2018-04-03,4,2018,1,542248
2018-04-04,4,2018,2,482936
2018-04-05,4,2018,3,442189
2018-04-06,4,2018,4,523423
2018-04-07,4,2018,5,554466
2018-04-08,4,2018,6,812771
2018-04-09,4,2018,0,802864
2018-04-10,4,2018,1,637994
2018-04-11,4,2018,2,485530
2018-04-12,4,2018,3,400170
2018-04-13,4,2018,4,745888
2018-04-14,4,2018,5,747639
2018-04-15,4,2018,6,952854
2018-04-16,4,2018,0,784959
2018-04-17,4,2018,1,504636
2018-04-18,4,2018,2,634213
2018-04-19,4,2018,3,746301
2018-04-20,4,2018,4,565751
2018-04-21,4,2018,5,507844
2018-04-22,4,2018,6,810311
2018-04-23,4,2018,0,744321
2018-04-24,4,2018,1,665850
2018-04-25,4,2018,2,727761
2018-04-26,4,2018,3,463068
2018-04-27,4,2018,4,486243
2018-04-28,4,2018,5,684890
2018-04-29,4,2018,6,796603
2018-04-30,4,2018,0,719347
2018-05-01,5,2018,1,595288
2018-05-02,5,2018,2,481481
2018-05-03,5,2018,3,481781
2018-05-04,5,2018,4,584347
2018-05-05,5,2018,5,459077
2018-05-06,5,2018,6,840247
2018-05-07,5,2018,0,821147
2018-05-08,5,2018,1,680549
2018-05-09,5,2018,2,752071
2018-05-10,5,2018,3,616289
2018-05-11,5,2018,4,442038
2018-05-12,5,2018,5,615726
2018-05-13,5,2018,6,843785
2018-05-14,5,2018,0,758213
2018-05-15,5,2018,1,733708
2018-05-16,5,2018,2,742605
2018-05-17,5,2018,3,636489
2018-05-18,5,2018,4,692582
2018-05-19,5,2018,5,709682
2018-05-20,5,2018,6,782622
2018-05-21,5,2018,0,915735
2018-05-22,5,2018,1,402187
2018-05-23,5,2018,2,450702
2018-05-24,5,2018,3,505957
2018-05-25,5,2018,4,665146
2018-05-26,5,2018,5,630545
2018-05-27,5,2018,6,766951
2018-05-28,5,2018,0,988457
2018-05-29,5,2018,1,479023
2018-05-30,5,2018,2,733848
2018-05-31,5,2018,3,447911
2018-06-01,6,2018,4,609379
2018-06-02,6,2018,5,648145
2018-06-03,6,2018,6,932285
2018-06-04,6,2018,0,757106
2018-06-05,6,2018,1,787851
2018-06-06,6,2018,2,423895
2018-06-07,6,2018,3,542597
2018-06-08,6,2018,4,792033
2018-06-09,6,2018,5,481659
2018-06-10,6,2018,6,903286
2018-06-11,6,2018,0,942773
2018-06-12,6,2018,1,722135
2018-06-13,6,2018,2,582592
2018-06-14,6,2018,3,501882
2018-06-15,6,2018,4,484824
2018-06-16,6,2018,5,446626
2018-06-17,6,2018,6,840127
2018-06-18,6,2018,0,860332
2018-06-19,6,2018,1,663420
2018-06-20,6,2018,2,784340
2018-06-21,6,2018,3,677350
2018-06-22,6,2018,4,439300
2018-06-23,6,2018,5,511511
2018-06-24,6,2018,6,960937
2018-06-25,6,2018,0,867967
2018-06-26,6,2018,1,616650
2018-06-27,6,2018,2,427230
2018-06-28,6,2018,3,692663
2018-06-29,6,2018,4,474346
2018-06-30,6,2018,5,626932
2018-07-01,7,2018,6,238915
2018-07-02,7,2018,0,250172
2018-07-03,7,2018,1,156776
2018-07-04,7,2018,2,149963
2018-07-05,7,2018,3,127417
2018-07-06,7,2018,4,102785
2018-07-07,7,2018,5,72135
2018-07-08,7,2018,6,104379
2018-07-09,7,2018,0,252716
2018-07-10,7,2018,1,176125
2018-07-11,7,2018,2,152889
2018-07-12,7,2018,3,69535
2018-07-13,7,2018,4,173522
2018-07-14,7,2018,5,78233
2018-07-15,7,2018,6,131992
2018-07-16,7,2018,0,289069
2018-07-17,7,2018,1,151499
2018-07-18,7,2018,2,192670
2018-07-19,7,2018,3,94241
2018-07-20,7,2018,4,110339
2018-07-21,7,2018,5,140133
2018-07-22,7,2018,6,294103
2018-07-23,7,2018,0,251098
2018-07-24,7,2018,1,60321
2018-07-25,7,2018,2,55617
2018-07-26,7,2018,3,104127
2018-07-27,7,2018,4,143102
2018-07-28,7,2018,5,138227
2018-07-29,7,2018,6,197630
2018-07-30,7,2018,0,282866
2018-07-31,7,2018,1,159627
2018-08-01,8,2018,2,199787
2018-08-02,8,2018,3,54112
2018-08-03,8,2018,4,199174
2018-08-04,8,2018,5,94930
2018-08-05,8,2018,6,216884
2018-08-06,8,2018,0,220039
2018-08-07,8,2018,1,150347
2018-08-08,8,2018,2,51882
2018-08-09,8,2018,3,63296
2018-08-10,8,2018,4,65507
2018-08-11,8,2018,5,87425
2018-08-12,8,2018,6,106996
2018-08-13,8,2018,0,289610
2018-08-14,8,2018,1,61596
2018-08-15,8,2018,2,192511
2018-08-16,8,2018,3,57279
2018-08-17,8,2018,4,62873
2018-08-18,8,2018,5,90567
2018-08-19,8,2018,6,151965
2018-08-20,8,2018,0,217904
2018-08-21,8,2018,1,166590
2018-08-22,8,2018,2,187590
2018-08-23,8,2018,3,88385
2018-08-24,8,2018,4,116350
2018-08-25,8,2018,5,194404
2018-08-26,8,2018,6,136221
2018-08-27,8,2018,0,213820
2018-08-28,8,2018,1,78355
2018-08-29,8,2018,2,123669
2018-08-30,8,2018,3,183804
2018-08-31,8,2018,4,81617
2018-09-01,9,2018,5,178471
2018-09-02,9,2018,6,177241
2018-09-03,9,2018,0,111035
2018-09-04,9,2018,1,76365
2018-09-05,9,2018,2,69857
2018-09-06,9,2018,3,85906
2018-09-07,9,2018,4,97928
2018-09-08,9,2018,5,159086
2018-09-09,9,2018,6,268141
2018-09-10,9,2018,0,284041
2018-09-11,9,2018,1,182628
2018-09-12,9,2018,2,106345
2018-09-13,9,2018,3,50169
2018-09-14,9,2018,4,105311
2018-09-15,9,2018,5,94048
2018-09-16,9,2018,6,289960
2018-09-17,9,2018,0,169631
2018-09-18,9,2018,1,180295
2018-09-19,9,2018,2,197987
2018-09-20,9,2018,3,77719
2018-09-21,9,2018,4,94631
2018-09-22,9,2018,5,122349
2018-09-23,9,2018,6,282941
2018-09-24,9,2018,0,167095
2018-09-25,9,2018,1,95360
2018-09-26,9,2018,2,92782
2018-09-27,9,2018,3,142192
2018-09-28,9,2018,4,104097
2018-09-29,9,2018,5,116458
2018-09-30,9,2018,6,131095
2018-10-01,10,2018,0,253888
2018-10-02,10,2018,1,83098
2018-10-03,10,2018,2,143094
2018-10-04,10,2018,3,67438
2018-10-05,10,2018,4,171197
2018-10-06,10,2018,5,92092
2018-10-07,10,2018,6,249742
2018-10-08,10,2018,0,253550
2018-10-09,10,2018,1,190875
2018-10-10,10,2018,2,106142
2018-10-11,10,2018,3,69445
2018-10-12,10,2018,4,66420
2018-10-13,10,2018,5,140152
2018-10-14,10,2018,6,170066
2018-10-15,10,2018,0,119510
2018-10-16,10,2018,1,58280
2018-10-17,10,2018,2,183162
2018-10-18,10,2018,3,163802
2018-10-19,10,2018,4,179252
2018-10-20,10,2018,5,193149
2018-10-21,10,2018,6,190614
2018-10-22,10,2018,0,171683
2018-10-23,10,2018,1,173975
2018-10-24,10,2018,2,68561
2018-10-25,10,2018,3,178738
2018-10-26,10,2018,4,99594
2018-10-27,10,2018,5,66823
2018-10-28,10,2018,6,103641
2018-10-29,10,2018,0,169674
2018-10-30,10,2018,1,130895
2018-10-31,10,2018,2,174960
2018-11-01,11,2018,3,695398
2018-11-02,11,2018,4,563225
2018-11-03,11,2018,5,411413
2018-11-04,11,2018,6,868742
2018-11-05,11,2018,0,813749
2018-11-06,11,2018,1,638434
2018-11-07,11,2018,2,460605
2018-11-08,11,2018,3,572008
2018-11-09,11,2018,4,745851
2018-11-10,11,2018,5,437402
2018-11-11,11,2018,6,956275
2018-11-12,11,2018,0,831834
2018-11-13,11,2018,1,721209
2018-11-14,11,2018,2,465921
2018-11-15,11,2018,3,636488
2018-11-16,11,2018,4,486053
2018-11-17,11,2018,5,498611
2018-11-18,11,2018,6,799253
2018-11-19,11,2018,0,841308
2018-11-20,11,2018,1,452388
2018-11-21,11,2018,2,551742
2018-11-22,11,2018,3,550794
2018-11-23,11,2018,4,624912
2018-11-24,11,2018,5,544561
2018-11-25,11,2018,6,993178
2018-11-26,11,2018,0,702837
2018-11-27,11,2018,1,441488
2018-11-28,11,2018,2,657707
2018-11-29,11,2018,3,693796
2018-11-30,11,2018,4,421131
2018-12-01,12,2018,5,676163
2018-12-02,12,2018,6,973065
2018-12-03,12,2018,0,766541
2018-12-04,12,2018,1,594990
2018-12-05,12,2018,2,614319
2018-12-06,12,2018,3,798487
2018-12-07,12,2018,4,761988
2018-12-08,12,2018,5,525137
2018-12-09,12,2018,6,721373
2018-12-10,12,2018,0,923424
2018-12-11,12,2018,1,721950
2018-12-12,12,2018,2,764892
2018-12-13,12,2018,3,788816
2018-12-14,12,2018,4,690390
2018-12-15,12,2018,5,790892
2018-12-16,12,2018,6,884933
2018-12-17,12,2018,0,802272
2018-12-18,12,2018,1,637084
2018-12-19,12,2018,2,720727
2018-12-20,12,2018,3,603543
2018-12-21,12,2018,4,554142
2018-12-22,12,2018,5,728712
2018-12-23,12,2018,6,961282
2018-12-24,12,2018,0,879408
2018-12-25,12,2018,1,449153
2018-12-26,12,2018,2,463853
2018-12-27,12,2018,3,673425
2018-12-28,12,2018,4,506733
2018-12-29,12,2018,5,574685
2018-12-30,12,2018,6,824947
2018-12-31,12,2018,0,767475
2019-01-01,1,2019,1,460292
2019-01-02,1,2019,2,494458
2019-01-03,1,2019,3,724510
2019-01-04,1,2019,4,687695
2019-01-05,1,2019,5,572881
2019-01-06,1,2019,6,987559
2019-01-07,1,2019,0,741808
2019-01-08,1,2019,1,433095
2019-01-09,1,2019,2,651879
2019-01-10,1,2019,3,534847
2019-01-11,1,2019,4,636959
2019-01-12,1,2019,5,784255
2019-01-13,1,2019,6,915754
2019-01-14,1,2019,0,915359
2019-01-15,1,2019,1,525402
2019-01-16,1,2019,2,438114
2019-01-17,1,2019,3,649584
2019-01-18,1,2019,4,463866
2019-01-19,1,2019,5,509708
2019-01-20,1,2019,6,735858
2019-01-21,1,2019,0,707919
2019-01-22,1,2019,1,568120
2019-01-23,1,2019,2,454300
2019-01-24,1,2019,3,554440
2019-01-25,1,2019,4,552101
2019-01-26,1,2019,5,647829
2019-01-27,1,2019,6,973890
2019-01-28,1,2019,0,851878
2019-01-29,1,2019,1,629755
2019-01-30,1,2019,2,597553
2019-01-31,1,2019,3,792302
2019-02-01,2,2019,4,490232
2019-02-02,2,2019,5,528361
2019-02-03,2,2019,6,954403
2019-02-04,2,2019,0,718927
2019-02-05,2,2019,1,497790
2019-02-06,2,2019,2,646797
2019-02-07,2,2019,3,762359
2019-02-08,2,2019,4,583713
2019-02-09,2,2019,5,735007
2019-02-10,2,2019,6,819510
2019-02-11,2,2019,0,923444
2019-02-12,2,2019,1,784058
2019-02-13,2,2019,2,603658
2019-02-14,2,2019,3,564125
2019-02-15,2,2019,4,702352
2019-02-16,2,2019,5,510529
2019-02-17,2,2019,6,984275
2019-02-18,2,2019,0,861724
2019-02-19,2,2019,1,500111
2019-02-20,2,2019,2,764524
2019-02-21,2,2019,3,443406
2019-02-22,2,2019,4,696158
2019-02-23,2,2019,5,417583
2019-02-24,2,2019,6,967613
2019-02-25,2,2019,0,790240
2019-02-26,2,2019,1,740645
2019-02-27,2,2019,2,416624
2019-02-28,2,2019,3,475105
2019-03-01,3,2019,4,755439
2019-03-02,3,2019,5,462454
2019-03-03,3,2019,6,880296
2019-03-04,3,2019,0,915096
2019-03-05,3,2019,1,603297
2019-03-06,3,2019,2,512923
2019-03-07,3,2019,3,628683
2019-03-08,3,2019,4,616668
2019-03-09,3,2019,5,650376
2019-03-10,3,2019,6,823308
2019-03-11,3,2019,0,898428
2019-03-12,3,2019,1,470533
2019-03-13,3,2019,2,573647
2019-03-14,3,2019,3,740859
2019-03-15,3,2019,4,711376
2019-03-16,3,2019,5,498073
2019-03-17,3,2019,6,779887
2019-03-18,3,2019,0,782808
2019-03-19,3,2019,1,534241
2019-03-20,3,2019,2,729718
2019-03-21,3,2019,3,540204
2019-03-22,3,2019,4,502698
2019-03-23,3,2019,5,559743
2019-03-24,3,2019,6,782518
2019-03-25,3,2019,0,968821
2019-03-26,3,2019,1,448954
2019-03-27,3,2019,2,471020
2019-03-28,3,2019,3,547859
2019-03-29,3,2019,4,554913
2019-03-30,3,2019,5,659012
2019-03-31,3,2019,6,730552
2019-04-01,4,2019,0,740511
2019-04-02,4,2019,1,492633
2019-04-03,4,2019,2,455537
2019-04-04,4,2019,3,790548
2019-04-05,4,2019,4,682136
2019-04-06,4,2019,5,795607
2019-04-07,4,2019,6,983424
2019-04-08,4,2019,0,721654
2019-04-09,4,2019,1,432046
2019-04-10,4,2019,2,477043
2019-04-11,4,2019,3,798256
2019-04-12,4,2019,4,749149
2019-04-13,4,2019,5,593018
2019-04-14,4,2019,6,703011
2019-04-15,4,2019,0,729721
2019-04-16,4,2019,1,687194
2019-04-17,4,2019,2,548043
2019-04-18,4,2019,3,413801
2019-04-19,4,2019,4,569811
2019-04-20,4,2019,5,558551
2019-04-21,4,2019,6,755601
2019-04-22,4,2019,0,955452
2019-04-23,4,2019,1,666949
2019-04-24,4,2019,2,552272
2019-04-25,4,2019,3,620696
2019-04-26,4,2019,4,676470
2019-04-27,4,2019,5,484254
2019-04-28,4,2019,6,929980
2019-04-29,4,2019,0,989790
2019-04-30,4,2019,1,745855
2019-05-01,5,2019,2,446994
2019-05-02,5,2019,3,725947
2019-05-03,5,2019,4,513418
2019-05-04,5,2019,5,450540
2019-05-05,5,2019,6,750900
2019-05-06,5,2019,0,914481
2019-05-07,5,2019,1,636955
2019-05-08,5,2019,2,737548
2019-05-09,5,2019,3,586712
2019-05-10,5,2019,4,638321
2019-05-11,5,2019,5,709510
2019-05-12,5,2019,6,835243
2019-05-13,5,2019,0,891092
2019-05-14,5,2019,1,495689
2019-05-15,5,2019,2,642656
2019-05-16,5,2019,3,494987
2019-05-17,5,2019,4,532235
2019-05-18,5,2019,5,633916
2019-05-19,5,2019,6,992998
2019-05-20,5,2019,0,736112
2019-05-21,5,2019,1,697522
2019-05-22,5,2019,2,571566
2019-05-23,5,2019,3,406800
2019-05-24,5,2019,4,569298
2019-05-25,5,2019,5,753250
2019-05-26,5,2019,6,714864
2019-05-27,5,2019,0,888663
2019-05-28,5,2019,1,785894
2019-05-29,5,2019,2,503121
2019-05-30,5,2019,3,422074
2019-05-31,5,2019,4,626781
2019-06-01,6,2019,5,649313
2019-06-02,6,2019,6,918796
2019-06-03,6,2019,0,798727
2019-06-04,6,2019,1,651331
2019-06-05,6,2019,2,533393
2019-06-06,6,2019,3,658593
2019-06-07,6,2019,4,492314
2019-06-08,6,2019,5,432730
2019-06-09,6,2019,6,950771
2019-06-10,6,2019,0,858500
2019-06-11,6,2019,1,681906
2019-06-12,6,2019,2,605573
2019-06-13,6,2019,3,670714
2019-06-14,6,2019,4,473626
2019-06-15,6,2019,5,516165
2019-06-16,6,2019,6,817637
2019-06-17,6,2019,0,824923
2019-06-18,6,2019,1,535771
2019-06-19,6,2019,2,444209
2019-06-20,6,2019,3,467988
2019-06-21,6,2019,4,765112
2019-06-22,6,2019,5,449262
2019-06-23,6,2019,6,929211
2019-06-24,6,2019,0,853531
2019-06-25,6,2019,1,773837
2019-06-26,6,2019,2,482639
2019-06-27,6,2019,3,502090
2019-06-28,6,2019,4,413647
2019-06-29,6,2019,5,474876
2019-06-30,6,2019,6,912694
2019-07-01,7,2019,0,183159
2019-07-02,7,2019,1,117990
2019-07-03,7,2019,2,73266
2019-07-04,7,2019,3,98498
2019-07-05,7,2019,4,129250
2019-07-06,7,2019,5,131901
2019-07-07,7,2019,6,234547
2019-07-08,7,2019,0,257529
2019-07-09,7,2019,1,124131
2019-07-10,7,2019,2,164317
2019-07-11,7,2019,3,94749
2019-07-12,7,2019,4,88687
2019-07-13,7,2019,5,59624
2019-07-14,7,2019,6,197374
2019-07-15,7,2019,0,148828
2019-07-16,7,2019,1,71938
2019-07-17,7,2019,2,80278
2019-07-18,7,2019,3,78055
2019-07-19,7,2019,4,191338
2019-07-20,7,2019,5,69389
2019-07-21,7,2019,6,149839
2019-07-22,7,2019,0,277097
2019-07-23,7,2019,1,187475
2019-07-24,7,2019,2,162430
2019-07-25,7,2019,3,108223
2019-07-26,7,2019,4,151364
2019-07-27,7,2019,5,171970
2019-07-28,7,2019,6,125806
2019-07-29,7,2019,0,131767
2019-07-30,7,2019,1,123275
2019-07-31,7,2019,2,195852
2019-08-01,8,2019,3,173058
2019-08-02,8,2019,4,150121
2019-08-03,8,2019,5,82172
2019-08-04,8,2019,6,123117
2019-08-05,8,2019,0,107690
2019-08-06,8,2019,1,103302
2019-08-07,8,2019,2,156154
2019-08-08,8,2019,3,174689
2019-08-09,8,2019,4,107830
2019-08-10,8,2019,5,97418
2019-08-11,8,2019,6,113910
2019-08-12,8,2019,0,156720
2019-08-13,8,2019,1,154477
2019-08-14,8,2019,2,163109
2019-08-15,8,2019,3,120063
2019-08-16,8,2019,4,194173
2019-08-17,8,2019,5,172017
2019-08-18,8,2019,6,176312
2019-08-19,8,2019,0,157407
2019-08-20,8,2019,1,113427
2019-08-21,8,2019,2,198997
2019-08-22,8,2019,3,117913
2019-08-23,8,2019,4,118158
2019-08-24,8,2019,5,62074
2019-08-25,8,2019,6,274879
2019-08-26,8,2019,0,190333
2019-08-27,8,2019,1,133078
2019-08-28,8,2019,2,185302
2019-08-29,8,2019,3,117710
2019-08-30,8,2019,4,152369
2019-08-31,8,2019,5,84250
2019-09-01,9,2019,6,157793
2019-09-02,9,2019,0,182953
2019-09-03,9,2019,1,84843
2019-09-04,9,2019,2,83277
2019-09-05,9,2019,3,90913
2019-09-06,9,2019,4,131776
2019-09-07,9,2019,5,125634
2019-09-08,9,2019,6,241957
2019-09-09,9,2019,0,250810
2019-09-10,9,2019,1,178775
2019-09-11,9,2019,2,85060
2019-09-12,9,2019,3,58592
2019-09-13,9,2019,4,129581
2019-09-14,9,2019,5,62823
2019-09-15,9,2019,6,298644
2019-09-16,9,2019,0,201534
2019-09-17,9,2019,1,140257
2019-09-18,9,2019,2,120572
2019-09-19,9,2019,3,81598
2019-09-20,9,2019,4,102063
2019-09-21,9,2019,5,162892
2019-09-22,9,2019,6,179032
2019-09-23,9,2019,0,289916
2019-09-24,9,2019,1,180559
2019-09-25,9,2019,2,91250
2019-09-26,9,2019,3,177567
2019-09-27,9,2019,4,142179
2019-09-28,9,2019,5,50014
2019-09-29,9,2019,6,165562
2019-09-30,9,2019,0,111969
2019-10-01,10,2019,1,136837
2019-10-02,10,2019,2,183695
2019-10-03,10,2019,3,171194
2019-10-04,10,2019,4,118609
2019-10-05,10,2019,5,78535
2019-10-06,10,2019,6,282036
2019-10-07,10,2019,0,266819
2019-10-08,10,2019,1,112870
2019-10-09,10,2019,2,187695
2019-10-10,10,2019,3,73390
2019-10-11,10,2019,4,56368
2019-10-12,10,2019,5,125538
2019-10-13,10,2019,6,241704
2019-10-14,10,2019,0,294086
2019-10-15,10,2019,1,66738
2019-10-16,10,2019,2,154497
2019-10-17,10,2019,3,112724
2019-10-18,10,2019,4,130942
2019-10-19,10,2019,5,124847
2019-10-20,10,2019,6,203453
2019-10-21,10,2019,0,132764
2019-10-22,10,2019,1,157052
2019-10-23,10,2019,2,198433
2019-10-24,10,2019,3,147642
2019-10-25,10,2019,4,58821
2019-10-26,10,2019,5,53402
2019-10-27,10,2019,6,215319
2019-10-28,10,2019,0,275748
2019-10-29,10,2019,1,89355
2019-10-30,10,2019,2,108539
2019-10-31,10,2019,3,76893
2019-11-01,11,2019,4,653928
2019-11-02,11,2019,5,702694
2019-11-03,11,2019,6,850278
2019-11-04,11,2019,0,904987
2019-11-05,11,2019,1,528070
2019-11-06,11,2019,2,492459
2019-11-07,11,2019,3,407537
2019-11-08,11,2019,4,692900
2019-11-09,11,2019,5,781563
2019-11-10,11,2019,6,826460
2019-11-11,11,2019,0,731961
2019-11-12,11,2019,1,522247
2019-11-13,11,2019,2,468554
2019-11-14,11,2019,3,457306
2019-11-15,11,2019,4,561184
2019-11-16,11,2019,5,480161
2019-11-17,11,2019,6,822437
2019-11-18,11,2019,0,728772
2019-11-19,11,2019,1,603506
2019-11-20,11,2019,2,773137
2019-11-21,11,2019,3,470980
2019-11-22,11,2019,4,526301
2019-11-23,11,2019,5,574088
2019-11-24,11,2019,6,757862
2019-11-25,11,2019,0,884702
2019-11-26,11,2019,1,757942
2019-11-27,11,2019,2,639579
2019-11-28,11,2019,3,581237
2019-11-29,11,2019,4,445136
2019-11-30,11,2019,5,723559
2019-12-01,12,2019,6,915772
2019-12-02,12,2019,0,814991
2019-12-03,12,2019,1,529463
2019-12-04,12,2019,2,745028
2019-12-05,12,2019,3,519403
2019-12-06,12,2019,4,653250
2019-12-07,12,2019,5,456068
2019-12-08,12,2019,6,990276
2019-12-09,12,2019,0,924168
2019-12-10,12,2019,1,794743
2019-12-11,12,2019,2,626030
2019-12-12,12,2019,3,752345
2019-12-13,12,2019,4,726445
2019-12-14,12,2019,5,444689
2019-12-15,12,2019,6,842446
2019-12-16,12,2019,0,844138
2019-12-17,12,2019,1,707929
2019-12-18,12,2019,2,483107
2019-12-19,12,2019,3,445307
2019-12-20,12,2019,4,672970
2019-12-21,12,2019,5,666385
2019-12-22,12,2019,6,940064
2019-12-23,12,2019,0,778681
2019-12-24,12,2019,1,763359
2019-12-25,12,2019,2,463432
2019-12-26,12,2019,3,451165
2019-12-27,12,2019,4,646029
2019-12-28,12,2019,5,775372
2019-12-29,12,2019,6,970851
2019-12-30,12,2019,0,755176
2019-12-31,12,2019,1,705500
2020-01-01,1,2020,2,475596
2020-01-02,1,2020,3,775991
2020-01-03,1,2020,4,402142
2020-01-04,1,2020,5,649523
2020-01-05,1,2020,6,739431
2020-01-06,1,2020,0,706948
2020-01-07,1,2020,1,752879
2020-01-08,1,2020,2,434634
2020-01-09,1,2020,3,753953
2020-01-10,1,2020,4,722507
2020-01-11,1,2020,5,467687
2020-01-12,1,2020,6,876811
2020-01-13,1,2020,0,711002
2020-01-14,1,2020,1,795385
2020-01-15,1,2020,2,763701
2020-01-16,1,2020,3,615467
2020-01-17,1,2020,4,690935
2020-01-18,1,2020,5,690366
2020-01-19,1,2020,6,770538
2020-01-20,1,2020,0,832078
2020-01-21,1,2020,1,496669
2020-01-22,1,2020,2,587025
2020-01-23,1,2020,3,720740
2020-01-24,1,2020,4,474698
2020-01-25,1,2020,5,754457
2020-01-26,1,2020,6,874827
2020-01-27,1,2020,0,996073
2020-01-28,1,2020,1,670593
2020-01-29,1,2020,2,592985
2020-01-30,1,2020,3,638813
2020-01-31,1,2020,4,616964
2020-02-01,2,2020,5,464470
2020-02-02,2,2020,6,965483
2020-02-03,2,2020,0,859916
2020-02-04,2,2020,1,785998
2020-02-05,2,2020,2,560985
2020-02-06,2,2020,3,763985
2020-02-07,2,2020,4,750724
2020-02-08,2,2020,5,463417
2020-02-09,2,2020,6,921038
2020-02-10,2,2020,0,901810
2020-02-11,2,2020,1,561563
2020-02-12,2,2020,2,738515
2020-02-13,2,2020,3,798994
2020-02-14,2,2020,4,726909
2020-02-15,2,2020,5,493973
2020-02-16,2,2020,6,783616
2020-02-17,2,2020,0,996525
2020-02-18,2,2020,1,530093
2020-02-19,2,2020,2,443081
2020-02-20,2,2020,3,790069
2020-02-21,2,2020,4,648473
2020-02-22,2,2020,5,787606
2020-02-23,2,2020,6,892019
2020-02-24,2,2020,0,755174
2020-02-25,2,2020,1,606836
2020-02-26,2,2020,2,527086
2020-02-27,2,2020,3,606961
2020-02-28,2,2020,4,761362
2020-02-29,2,2020,5,657956
2020-03-01,3,2020,6,792613
2020-03-02,3,2020,0,846827
2020-03-03,3,2020,1,655447
2020-03-04,3,2020,2,485659
2020-03-05,3,2020,3,674121
2020-03-06,3,2020,4,674169
2020-03-07,3,2020,5,621671
2020-03-08,3,2020,6,926039
2020-03-09,3,2020,0,936689
2020-03-10,3,2020,1,735499
2020-03-11,3,2020,2,452278
2020-03-12,3,2020,3,744842
2020-03-13,3,2020,4,715563
2020-03-14,3,2020,5,484603
2020-03-15,3,2020,6,711033
2020-03-16,3,2020,0,901412
2020-03-17,3,2020,1,469186
2020-03-18,3,2020,2,468496
2020-03-19,3,2020,3,564745
2020-03-20,3,2020,4,496031
2020-03-21,3,2020,5,526724
2020-03-22,3,2020,6,939694
2020-03-23,3,2020,0,989538
2020-03-24,3,2020,1,617074
2020-03-25,3,2020,2,519025
2020-03-26,3,2020,3,636446
2020-03-27,3,2020,4,570465
2020-03-28,3,2020,5,652506
2020-03-29,3,2020,6,854530
2020-03-30,3,2020,0,773454
2020-03-31,3,2020,1,569841
2020-04-01,4,2020,2,596855
2020-04-02,4,2020,3,610959
2020-04-03,4,2020,4,785306
2020-04-04,4,2020,5,662731
2020-04-05,4,2020,6,933059
2020-04-06,4,2020,0,948953
2020-04-07,4,2020,1,453552
2020-04-08,4,2020,2,417639
2020-04-09,4,2020,3,504262
2020-04-10,4,2020,4,469135
2020-04-11,4,2020,5,598930
2020-04-12,4,2020,6,984043
2020-04-13,4,2020,0,918706
2020-04-14,4,2020,1,405941
2020-04-15,4,2020,2,664604
2020-04-16,4,2020,3,679323
2020-04-17,4,2020,4,695262
2020-04-18,4,2020,5,509473
2020-04-19,4,2020,6,856467
2020-04-20,4,2020,0,820300
2020-04-21,4,2020,1,401407
2020-04-22,4,2020,2,766172
2020-04-23,4,2020,3,740181
2020-04-24,4,2020,4,459225
2020-04-25,4,2020,5,733732
2020-04-26,4,2020,6,939618
2020-04-27,4,2020,0,820115
2020-04-28,4,2020,1,603412
2020-04-29,4,2020,2,785817
2020-04-30,4,2020,3,705354
2020-05-01,5,2020,4,584466
2020-05-02,5,2020,5,731233
2020-05-03,5,2020,6,808102
2020-05-04,5,2020,0,780701
2020-05-05,5,2020,1,745366
2020-05-06,5,2020,2,660519
2020-05-07,5,2020,3,695787
2020-05-08,5,2020,4,417182
2020-05-09,5,2020,5,733315
2020-05-10,5,2020,6,811882
2020-05-11,5,2020,0,901842
2020-05-12,5,2020,1,772763
2020-05-13,5,2020,2,604608
2020-05-14,5,2020,3,431388
2020-05-15,5,2020,4,597115
2020-05-16,5,2020,5,710586
2020-05-17,5,2020,6,845483
2020-05-18,5,2020,0,991666
2020-05-19,5,2020,1,484245
2020-05-20,5,2020,2,409197
2020-05-21,5,2020,3,738251
2020-05-22,5,2020,4,597084
2020-05-23,5,2020,5,701844
2020-05-24,5,2020,6,907946
2020-05-25,5,2020,0,903554
2020-05-26,5,2020,1,602370
2020-05-27,5,2020,2,579566
2020-05-28,5,2020,3,722201
2020-05-29,5,2020,4,606124
2020-05-30,5,2020,5,725602
2020-05-31,5,2020,6,939769
2020-06-01,6,2020,0,865689
2020-06-02,6,2020,1,450532
2020-06-03,6,2020,2,403519
2020-06-04,6,2020,3,667576
2020-06-05,6,2020,4,532301
2020-06-06,6,2020,5,619896
2020-06-07,6,2020,6,768191
2020-06-08,6,2020,0,878482
2020-06-09,6,2020,1,717699
2020-06-10,6,2020,2,433327
2020-06-11,6,2020,3,731576
2020-06-12,6,2020,4,432083
2020-06-13,6,2020,5,611434
2020-06-14,6,2020,6,962951
2020-06-15,6,2020,0,974550
2020-06-16,6,2020,1,579920
2020-06-17,6,2020,2,479456
2020-06-18,6,2020,3,494966
2020-06-19,6,2020,4,652860
2020-06-20,6,2020,5,647334
2020-06-21,6,2020,6,741343
2020-06-22,6,2020,0,865361
2020-06-23,6,2020,1,689858
2020-06-24,6,2020,2,645436
2020-06-25,6,2020,3,610053
2020-06-26,6,2020,4,671200
2020-06-27,6,2020,5,590367
2020-06-28,6,2020,6,978488
2020-06-29,6,2020,0,770397
2020-06-30,6,2020,1,786652
2020-07-01,7,2020,2,98654
2020-07-02,7,2020,3,95410
2020-07-03,7,2020,4,169261
2020-07-04,7,2020,5,108914
2020-07-05,7,2020,6,130689
2020-07-06,7,2020,0,103560
2020-07-07,7,2020,1,72390
2020-07-08,7,2020,2,150288
2020-07-09,7,2020,3,63796
2020-07-10,7,2020,4,78118
2020-07-11,7,2020,5,59594
2020-07-12,7,2020,6,212438
2020-07-13,7,2020,0,198480
2020-07-14,7,2020,1,115006
2020-07-15,7,2020,2,52425
2020-07-16,7,2020,3,143385
2020-07-17,7,2020,4,181770
2020-07-18,7,2020,5,69003
2020-07-19,7,2020,6,107980
2020-07-20,7,2020,0,211074
2020-07-21,7,2020,1,184802
2020-07-22,7,2020,2,108910
2020-07-23,7,2020,3,155885
2020-07-24,7,2020,4,127323
2020-07-25,7,2020,5,81884
2020-07-26,7,2020,6,199648
2020-07-27,7,2020,0,156943
2020-07-28,7,2020,1,161857
2020-07-29,7,2020,2,81863
2020-07-30,7,2020,3,179072
2020-07-31,7,2020,4,116962
2020-08-01,8,2020,5,85917
2020-08-02,8,2020,6,177295
2020-08-03,8,2020,0,146503
2020-08-04,8,2020,1,125575
2020-08-05,8,2020,2,85701
2020-08-06,8,2020,3,82838
2020-08-07,8,2020,4,167866
2020-08-08,8,2020,5,163057
2020-08-09,8,2020,6,217190
2020-08-10,8,2020,0,275466
2020-08-11,8,2020,1,131944
2020-08-12,8,2020,2,84049
2020-08-13,8,2020,3,83804
2020-08-14,8,2020,4,86112
2020-08-15,8,2020,5,52424
2020-08-16,8,2020,6,290334
2020-08-17,8,2020,0,122955
2020-08-18,8,2020,1,66907
2020-08-19,8,2020,2,98707
2020-08-20,8,2020,3,164572
2020-08-21,8,2020,4,81972
2020-08-22,8,2020,5,97077
2020-08-23,8,2020,6,112924
2020-08-24,8,2020,0,115817
2020-08-25,8,2020,1,99700
2020-08-26,8,2020,2,121035
2020-08-27,8,2020,3,94567
2020-08-28,8,2020,4,151016
2020-08-29,8,2020,5,134546
2020-08-30,8,2020,6,215865
2020-08-31,8,2020,0,107016
2020-09-01,9,2020,1,132878
2020-09-02,9,2020,2,181731
2020-09-03,9,2020,3,123747
2020-09-04,9,2020,4,149075
2020-09-05,9,2020,5,177759
2020-09-06,9,2020,6,213683
2020-09-07,9,2020,0,187465
2020-09-08,9,2020,1,192184
2020-09-09,9,2020,2,76380
2020-09-10,9,2020,3,91766
2020-09-11,9,2020,4,169326
2020-09-12,9,2020,5,73571
2020-09-13,9,2020,6,168103
2020-09-14,9,2020,0,235580
2020-09-15,9,2020,1,72664
2020-09-16,9,2020,2,174991
2020-09-17,9,2020,3,173914
2020-09-18,9,2020,4,77693
2020-09-19,9,2020,5,147295
2020-09-20,9,2020,6,161397
2020-09-21,9,2020,0,183323
2020-09-22,9,2020,1,79609
2020-09-23,9,2020,2,60328
2020-09-24,9,2020,3,91373
2020-09-25,9,2020,4,111845
2020-09-26,9,2020,5,165308
2020-09-27,9,2020,6,270899
2020-09-28,9,2020,0,242614
2020-09-29,9,2020,1,168866
2020-09-30,9,2020,2,84247
2020-10-01,10,2020,3,61690
2020-10-02,10,2020,4,106994
2020-10-03,10,2020,5,120576
2020-10-04,10,2020,6,230234
2020-10-05,10,2020,0,192864
2020-10-06,10,2020,1,99730
2020-10-07,10,2020,2,154978
2020-10-08,10,2020,3,124634
2020-10-09,10,2020,4,183185
2020-10-10,10,2020,5,102370
2020-10-11,10,2020,6,192325
2020-10-12,10,2020,0,142050
2020-10-13,10,2020,1,132929
2020-10-14,10,2020,2,174672
2020-10-15,10,2020,3,149495
2020-10-16,10,2020,4,179647
2020-10-17,10,2020,5,78567
2020-10-18,10,2020,6,215995
2020-10-19,10,2020,0,233619
2020-10-20,10,2020,1,160006
2020-10-21,10,2020,2,96905
2020-10-22,10,2020,3,101980
2020-10-23,10,2020,4,118425
2020-10-24,10,2020,5,102464
2020-10-25,10,2020,6,102014
2020-10-26,10,2020,0,198225
2020-10-27,10,2020,1,90344
2020-10-28,10,2020,2,141447
2020-10-29,10,2020,3,71435
2020-10-30,10,2020,4,195766
2020-10-31,10,2020,5,123483
2020-11-01,11,2020,6,702595
2020-11-02,11,2020,0,895504
2020-11-03,11,2020,1,546181
2020-11-04,11,2020,2,794545
2020-11-05,11,2020,3,794082
2020-11-06,11,2020,4,538405
2020-11-07,11,2020,5,762861
2020-11-08,11,2020,6,826591
2020-11-09,11,2020,0,756341
2020-11-10,11,2020,1,441040
2020-11-11,11,2020,2,555496
2020-11-12,11,2020,3,521291
2020-11-13,11,2020,4,673497
2020-11-14,11,2020,5,460008
2020-11-15,11,2020,6,990347
2020-11-16,11,2020,0,795034
2020-11-17,11,2020,1,636322
2020-11-18,11,2020,2,468603
2020-11-19,11,2020,3,441154
2020-11-20,11,2020,4,463023
2020-11-21,11,2020,5,783606
2020-11-22,11,2020,6,805563
2020-11-23,11,2020,0,811137
2020-11-24,11,2020,1,799938
2020-11-25,11,2020,2,689568
2020-11-26,11,2020,3,565638
2020-11-27,11,2020,4,696947
2020-11-28,11,2020,5,456196
2020-11-29,11,2020,6,983152
2020-11-30,11,2020,0,917626
2020-12-01,12,2020,1,604288
2020-12-02,12,2020,2,405865
2020-12-03,12,2020,3,676108
2020-12-04,12,2020,4,430362
2020-12-05,12,2020,5,477060
2020-12-06,12,2020,6,810167
2020-12-07,12,2020,0,867948
2020-12-08,12,2020,1,634109
2020-12-09,12,2020,2,771098
2020-12-10,12,2020,3,527056
2020-12-11,12,2020,4,751554
2020-12-12,12,2020,5,433716
2020-12-13,12,2020,6,782733
2020-12-14,12,2020,0,708003
2020-12-15,12,2020,1,559966
2020-12-16,12,2020,2,617961
2020-12-17,12,2020,3,733880
2020-12-18,12,2020,4,609024
2020-12-19,12,2020,5,580777
2020-12-20,12,2020,6,829693
2020-12-21,12,2020,0,859938
2020-12-22,12,2020,1,592433
2020-12-23,12,2020,2,753494
2020-12-24,12,2020,3,739717
2020-12-25,12,2020,4,474981
2020-12-26,12,2020,5,446438
2020-12-27,12,2020,6,811726
2020-12-28,12,2020,0,998933
2020-12-29,12,2020,1,711328
2020-12-30,12,2020,2,595940
2020-12-31,12,2020,3,446715
2021-01-01,1,2021,4,785244
2021-01-02,1,2021,5,570458
2021-01-03,1,2021,6,924587
2021-01-04,1,2021,0,838392
2021-01-05,1,2021,1,425002
2021-01-06,1,2021,2,748577
2021-01-07,1,2021,3,747580
2021-01-08,1,2021,4,599978
2021-01-09,1,2021,5,524249
2021-01-10,1,2021,6,764836
2021-01-11,1,2021,0,801172
2021-01-12,1,2021,1,577646
2021-01-13,1,2021,2,453987
2021-01-14,1,2021,3,535854
2021-01-15,1,2021,4,560321
2021-01-16,1,2021,5,635353
2021-01-17,1,2021,6,992553
2021-01-18,1,2021,0,901293
2021-01-19,1,2021,1,793134
2021-01-20,1,2021,2,719029
2021-01-21,1,2021,3,490092
2021-01-22,1,2021,4,667182
2021-01-23,1,2021,5,470306
2021-01-24,1,2021,6,919847
2021-01-25,1,2021,0,976035
2021-01-26,1,2021,1,780490
2021-01-27,1,2021,2,419015
2021-01-28,1,2021,3,544563
2021-01-29,1,2021,4,471899
2021-01-30,1,2021,5,576936
2021-01-31,1,2021,6,953470
2021-02-01,2,2021,0,954931
2021-02-02,2,2021,1,441205
2021-02-03,2,2021,2,638847
2021-02-04,2,2021,3,761110
2021-02-05,2,2021,4,604297
2021-02-06,2,2021,5,750305
2021-02-07,2,2021,6,955552
2021-02-08,2,2021,0,903203
2021-02-09,2,2021,1,476802
2021-02-10,2,2021,2,680777
2021-02-11,2,2021,3,711899
2021-02-12,2,2021,4,772746
2021-02-13,2,2021,5,617486
2021-02-14,2,2021,6,931114
2021-02-15,2,2021,0,908951
2021-02-16,2,2021,1,716253
2021-02-17,2,2021,2,488643
2021-02-18,2,2021,3,433785
2021-02-19,2,2021,4,718926
2021-02-20,2,2021,5,475357
2021-02-21,2,2021,6,949662
2021-02-22,2,2021,0,891677
2021-02-23,2,2021,1,709730
2021-02-24,2,2021,2,582930
2021-02-25,2,2021,3,553027
2021-02-26,2,2021,4,620538
2021-02-27,2,2021,5,686704
2021-02-28,2,2021,6,802541
2021-03-01,3,2021,0,787587
2021-03-02,3,2021,1,420389
2021-03-03,3,2021,2,715682
2021-03-04,3,2021,3,449223
2021-03-05,3,2021,4,462669
2021-03-06,3,2021,5,705039
2021-03-07,3,2021,6,814548
2021-03-08,3,2021,0,930075
2021-03-09,3,2021,1,449131
2021-03-10,3,2021,2,586960
2021-03-11,3,2021,3,737684
2021-03-12,3,2021,4,576489
2021-03-13,3,2021,5,732840
2021-03-14,3,2021,6,897796
2021-03-15,3,2021,0,766176
2021-03-16,3,2021,1,700875
2021-03-17,3,2021,2,497433
2021-03-18,3,2021,3,429915
2021-03-19,3,2021,4,466263
2021-03-20,3,2021,5,547947
2021-03-21,3,2021,6,804209
2021-03-22,3,2021,0,933869
2021-03-23,3,2021,1,539005
2021-03-24,3,2021,2,520731
2021-03-25,3,2021,3,624710
2021-03-26,3,2021,4,617787
2021-03-27,3,2021,5,573519
2021-03-28,3,2021,6,950205
2021-03-29,3,2021,0,840824
2021-03-30,3,2021,1,648447
2021-03-31,3,2021,2,684344
2021-04-01,4,2021,3,574689
2021-04-02,4,2021,4,450585
2021-04-03,4,2021,5,674305
2021-04-04,4,2021,6,725730
2021-04-05,4,2021,0,947384
2021-04-06,4,2021,1,607712
2021-04-07,4,2021,2,553696
2021-04-08,4,2021,3,439134
2021-04-09,4,2021,4,669266
2021-04-10,4,2021,5,754509
2021-04-11,4,2021,6,721200
2021-04-12,4,2021,0,877574
2021-04-13,4,2021,1,687472
2021-04-14,4,2021,2,645163
2021-04-15,4,2021,3,461242
2021-04-16,4,2021,4,575294
2021-04-17,4,2021,5,569433
2021-04-18,4,2021,6,869570
2021-04-19,4,2021,0,798336
2021-04-20,4,2021,1,473488
2021-04-21,4,2021,2,548755
2021-04-22,4,2021,3,483011
2021-04-23,4,2021,4,601120
2021-04-24,4,2021,5,681995
2021-04-25,4,2021,6,717588
2021-04-26,4,2021,0,979994
2021-04-27,4,2021,1,597821
2021-04-28,4,2021,2,423234
2021-04-29,4,2021,3,749789
2021-04-30,4,2021,4,559033
2021-05-01,5,2021,5,458182
2021-05-02,5,2021,6,986140
2021-05-03,5,2021,0,804534
2021-05-04,5,2021,1,513330
2021-05-05,5,2021,2,636513
2021-05-06,5,2021,3,799479
2021-05-07,5,2021,4,404741
2021-05-08,5,2021,5,642032
2021-05-09,5,2021,6,901061
2021-05-10,5,2021,0,936538
2021-05-11,5,2021,1,673749
2021-05-12,5,2021,2,530821
2021-05-13,5,2021,3,478089
2021-05-14,5,2021,4,700890
2021-05-15,5,2021,5,430834
2021-05-16,5,2021,6,855681
2021-05-17,5,2021,0,944508
2021-05-18,5,2021,1,558964
2021-05-19,5,2021,2,612954
2021-05-20,5,2021,3,624170
2021-05-21,5,2021,4,596951
2021-05-22,5,2021,5,759433
2021-05-23,5,2021,6,961587
2021-05-24,5,2021,0,783533
2021-05-25,5,2021,1,410465
2021-05-26,5,2021,2,503639
2021-05-27,5,2021,3,589506
2021-05-28,5,2021,4,712038
2021-05-29,5,2021,5,409009
2021-05-30,5,2021,6,904532
2021-05-31,5,2021,0,908561
2021-06-01,6,2021,1,669592
2021-06-02,6,2021,2,435310
2021-06-03,6,2021,3,723355
2021-06-04,6,2021,4,730682
2021-06-05,6,2021,5,744335
2021-06-06,6,2021,6,867280
2021-06-07,6,2021,0,811717
2021-06-08,6,2021,1,573892
2021-06-09,6,2021,2,669293
2021-06-10,6,2021,3,610962
2021-06-11,6,2021,4,522449
2021-06-12,6,2021,5,501255
2021-06-13,6,2021,6,891865
2021-06-14,6,2021,0,944327
2021-06-15,6,2021,1,596528
2021-06-16,6,2021,2,443680
2021-06-17,6,2021,3,406280
2021-06-18,6,2021,4,432198
2021-06-19,6,2021,5,590392
2021-06-20,6,2021,6,851412
2021-06-21,6,2021,0,703056
2021-06-22,6,2021,1,757861
2021-06-23,6,2021,2,590005
2021-06-24,6,2021,3,499703
2021-06-25,6,2021,4,672721
2021-06-26,6,2021,5,492580
2021-06-27,6,2021,6,778655
2021-06-28,6,2021,0,860066
2021-06-29,6,2021,1,539509
2021-06-30,6,2021,2,651077
2021-07-01,7,2021,3,141268
2021-07-02,7,2021,4,110803
2021-07-03,7,2021,5,125692
2021-07-04,7,2021,6,167541
2021-07-05,7,2021,0,145992
2021-07-06,7,2021,1,65206
2021-07-07,7,2021,2,70741
2021-07-08,7,2021,3,102366
2021-07-09,7,2021,4,96748
2021-07-10,7,2021,5,176698
2021-07-11,7,2021,6,249487
2021-07-12,7,2021,0,125129
2021-07-13,7,2021,1,132732
2021-07-14,7,2021,2,137212
2021-07-15,7,2021,3,104419
2021-07-16,7,2021,4,106374
2021-07-17,7,2021,5,164577
2021-07-18,7,2021,6,114392
2021-07-19,7,2021,0,203267
2021-07-20,7,2021,1,79643
2021-07-21,7,2021,2,172762
2021-07-22,7,2021,3,153570
2021-07-23,7,2021,4,163885
2021-07-24,7,2021,5,61916
2021-07-25,7,2021,6,272591
2021-07-26,7,2021,0,268512
2021-07-27,7,2021,1,113960
2021-07-28,7,2021,2,157508
2021-07-29,7,2021,3,73435
2021-07-30,7,2021,4,182021
2021-07-31,7,2021,5,178207
2021-08-01,8,2021,6,291672
2021-08-02,8,2021,0,143853
2021-08-03,8,2021,1,64060
2021-08-04,8,2021,2,65714
2021-08-05,8,2021,3,75926
2021-08-06,8,2021,4,61884
2021-08-07,8,2021,5,186134
2021-08-08,8,2021,6,248117
2021-08-09,8,2021,0,221418
2021-08-10,8,2021,1,175096
2021-08-11,8,2021,2,136179
2021-08-12,8,2021,3,126713
2021-08-13,8,2021,4,174820
2021-08-14,8,2021,5,135406
2021-08-15,8,2021,6,155980
2021-08-16,8,2021,0,147333
2021-08-17,8,2021,1,119006
2021-08-18,8,2021,2,116294
2021-08-19,8,2021,3,113981
2021-08-20,8,2021,4,83387
2021-08-21,8,2021,5,122121
2021-08-22,8,2021,6,173457
2021-08-23,8,2021,0,101166
2021-08-24,8,2021,1,194096
2021-08-25,8,2021,2,58940
2021-08-26,8,2021,3,178520
2021-08-27,8,2021,4,74344
2021-08-28,8,2021,5,98570
2021-08-29,8,2021,6,293876
2021-08-30,8,2021,0,256979
2021-08-31,8,2021,1,108232
2021-09-01,9,2021,2,81404
2021-09-02,9,2021,3,111851
2021-09-03,9,2021,4,114647
2021-09-04,9,2021,5,146225
2021-09-05,9,2021,6,285299
2021-09-06,9,2021,0,276790
2021-09-07,9,2021,1,91853
2021-09-08,9,2021,2,69289
2021-09-09,9,2021,3,131269
2021-09-10,9,2021,4,95689
2021-09-11,9,2021,5,133483
2021-09-12,9,2021,6,219227
2021-09-13,9,2021,0,202534
2021-09-14,9,2021,1,138709
2021-09-15,9,2021,2,142998
2021-09-16,9,2021,3,131012
2021-09-17,9,2021,4,50250
2021-09-18,9,2021,5,86663
2021-09-19,9,2021,6,103852
2021-09-20,9,2021,0,208501
2021-09-21,9,2021,1,155033
2021-09-22,9,2021,2,130033
2021-09-23,9,2021,3,64775
2021-09-24,9,2021,4,119450
2021-09-25,9,2021,5,193745
2021-09-26,9,2021,6,206995
2021-09-27,9,2021,0,266085
2021-09-28,9,2021,1,154400
2021-09-29,9,2021,2,111678
2021-09-30,9,2021,3,149848
2021-10-01,10,2021,4,155001
2021-10-02,10,2021,5,71916
2021-10-03,10,2021,6,170807
2021-10-04,10,2021,0,281895
2021-10-05,10,2021,1,84100
2021-10-06,10,2021,2,71644
2021-10-07,10,2021,3,138029
2021-10-08,10,2021,4,191935
2021-10-09,10,2021,5,111274
2021-10-10,10,2021,6,297689
2021-10-11,10,2021,0,240536
2021-10-12,10,2021,1,110182
2021-10-13,10,2021,2,71908
2021-10-14,10,2021,3,181485
2021-10-15,10,2021,4,197623
2021-10-16,10,2021,5,142094
2021-10-17,10,2021,6,274574
2021-10-18,10,2021,0,179498
2021-10-19,10,2021,1,196318
2021-10-20,10,2021,2,146454
2021-10-21,10,2021,3,153390
2021-10-22,10,2021,4,110890
2021-10-23,10,2021,5,119266
2021-10-24,10,2021,6,278057
2021-10-25,10,2021,0,219669
2021-10-26,10,2021,1,184779
2021-10-27,10,2021,2,199355
2021-10-28,10,2021,3,135206
2021-10-29,10,2021,4,56452
2021-10-30,10,2021,5,142363
2021-10-31,10,2021,6,105859
2021-11-01,11,2021,0,837205
2021-11-02,11,2021,1,594726
2021-11-03,11,2021,2,566061
2021-11-04,11,2021,3,658140
2021-11-05,11,2021,4,518042
2021-11-06,11,2021,5,429187
2021-11-07,11,2021,6,756389
2021-11-08,11,2021,0,986176
2021-11-09,11,2021,1,723475
2021-11-10,11,2021,2,725791
2021-11-11,11,2021,3,546265
2021-11-12,11,2021,4,512611
2021-11-13,11,2021,5,471943
2021-11-14,11,2021,6,909997
2021-11-15,11,2021,0,905029
2021-11-16,11,2021,1,581434
2021-11-17,11,2021,2,704964
2021-11-18,11,2021,3,483744
2021-11-19,11,2021,4,788647
2021-11-20,11,2021,5,503746
2021-11-21,11,2021,6,813858
2021-11-22,11,2021,0,837599
2021-11-23,11,2021,1,535089
2021-11-24,11,2021,2,563458
2021-11-25,11,2021,3,458583
2021-11-26,11,2021,4,722554
2021-11-27,11,2021,5,663057
2021-11-28,11,2021,6,901612
2021-11-29,11,2021,0,916799
2021-11-30,11,2021,1,459671
2021-12-01,12,2021,2,600293
2021-12-02,12,2021,3,604422
2021-12-03,12,2021,4,600450
2021-12-04,12,2021,5,404532
2021-12-05,12,2021,6,956591
2021-12-06,12,2021,0,717895
2021-12-07,12,2021,1,523608
2021-12-08,12,2021,2,740230
2021-12-09,12,2021,3,741807
2021-12-10,12,2021,4,733794
2021-12-11,12,2021,5,669833
2021-12-12,12,2021,6,734212
2021-12-13,12,2021,0,897061
2021-12-14,12,2021,1,479602
2021-12-15,12,2021,2,571335
2021-12-16,12,2021,3,743585
2021-12-17,12,2021,4,434097
2021-12-18,12,2021,5,557233
2021-12-19,12,2021,6,723576
2021-12-20,12,2021,0,900655
2021-12-21,12,2021,1,587562
2021-12-22,12,2021,2,461144
2021-12-23,12,2021,3,575242
2021-12-24,12,2021,4,722741
2021-12-25,12,2021,5,746778
2021-12-26,12,2021,6,846758
2021-12-27,12,2021,0,755001
2021-12-28,12,2021,1,769495
2021-12-29,12,2021,2,479859
2021-12-30,12,2021,3,658310
2021-12-31,12,2021,4,583657
2022-01-01,1,2022,5,591121
2022-01-02,1,2022,6,824102
2022-01-03,1,2022,0,969103
2022-01-04,1,2022,1,683462
2022-01-05,1,2022,2,569418
2022-01-06,1,2022,3,764813
2022-01-07,1,2022,4,592740
2022-01-08,1,2022,5,579196
2022-01-09,1,2022,6,997305
2022-01-10,1,2022,0,851000
2022-01-11,1,2022,1,667346
2022-01-12,1,2022,2,459596
2022-01-13,1,2022,3,524582
2022-01-14,1,2022,4,732227
2022-01-15,1,2022,5,527429
2022-01-16,1,2022,6,999183
2022-01-17,1,2022,0,704456
2022-01-18,1,2022,1,569125
2022-01-19,1,2022,2,571496
2022-01-20,1,2022,3,477737
2022-01-21,1,2022,4,651568
2022-01-22,1,2022,5,752349
2022-01-23,1,2022,6,782706
2022-01-24,1,2022,0,927977
2022-01-25,1,2022,1,593060
2022-01-26,1,2022,2,640866
2022-01-27,1,2022,3,498955
2022-01-28,1,2022,4,561575
2022-01-29,1,2022,5,743047
2022-01-30,1,2022,6,761759
2022-01-31,1,2022,0,982984
2022-02-01,2,2022,1,623917
2022-02-02,2,2022,2,771963
2022-02-03,2,2022,3,438244
2022-02-04,2,2022,4,699977
2022-02-05,2,2022,5,498567
2022-02-06,2,2022,6,709718
2022-02-07,2,2022,0,888630
2022-02-08,2,2022,1,523877
2022-02-09,2,2022,2,652627
2022-02-10,2,2022,3,498558
2022-02-11,2,2022,4,519655
2022-02-12,2,2022,5,754440
2022-02-13,2,2022,6,702148
2022-02-14,2,2022,0,961881
2022-02-15,2,2022,1,604144
2022-02-16,2,2022,2,697790
2022-02-17,2,2022,3,793748
2022-02-18,2,2022,4,735705
2022-02-19,2,2022,5,562691
2022-02-20,2,2022,6,798142
2022-02-21,2,2022,0,836657
2022-02-22,2,2022,1,776593
2022-02-23,2,2022,2,492133
2022-02-24,2,2022,3,702824
2022-02-25,2,2022,4,585214
2022-02-26,2,2022,5,686089
2022-02-27,2,2022,6,931893
2022-02-28,2,2022,0,847064
2022-03-01,3,2022,1,707417
2022-03-02,3,2022,2,708722
2022-03-03,3,2022,3,544802
2022-03-04,3,2022,4,732414
2022-03-05,3,2022,5,528273
2022-03-06,3,2022,6,704574
2022-03-07,3,2022,0,700142
2022-03-08,3,2022,1,421340
2022-03-09,3,2022,2,705992
2022-03-10,3,2022,3,726814
2022-03-11,3,2022,4,596294
2022-03-12,3,2022,5,709565
2022-03-13,3,2022,6,941451
2022-03-14,3,2022,0,785929
2022-03-15,3,2022,1,492932
2022-03-16,3,2022,2,716001
2022-03-17,3,2022,3,466160
2022-03-18,3,2022,4,679261
2022-03-19,3,2022,5,793095
2022-03-20,3,2022,6,832414
2022-03-21,3,2022,0,774078
2022-03-22,3,2022,1,541689
2022-03-23,3,2022,2,709203
2022-03-24,3,2022,3,542966
2022-03-25,3,2022,4,461742
2022-03-26,3,2022,5,506312
2022-03-27,3,2022,6,848208
2022-03-28,3,2022,0,904146
2022-03-29,3,2022,1,417798
2022-03-30,3,2022,2,404623
2022-03-31,3,2022,3,549348
2022-04-01,4,2022,4,497229
2022-04-02,4,2022,5,419733
2022-04-03,4,2022,6,821212
2022-04-04,4,2022,0,909927
2022-04-05,4,2022,1,588899
2022-04-06,4,2022,2,598478
2022-04-07,4,2022,3,647491
2022-04-08,4,2022,4,477340
2022-04-09,4,2022,5,778416
2022-04-10,4,2022,6,758105
2022-04-11,4,2022,0,741562
2022-04-12,4,2022,1,422912
2022-04-13,4,2022,2,420916
2022-04-14,4,2022,3,697357
2022-04-15,4,2022,4,551553
2022-04-16,4,2022,5,658167
2022-04-17,4,2022,6,983745
2022-04-18,4,2022,0,992996
2022-04-19,4,2022,1,719478
2022-04-20,4,2022,2,424247
2022-04-21,4,2022,3,435713
2022-04-22,4,2022,4,497139
2022-04-23,4,2022,5,519594
2022-04-24,4,2022,6,821152
2022-04-25,4,2022,0,966172
2022-04-26,4,2022,1,523602
2022-04-27,4,2022,2,426463
2022-04-28,4,2022,3,525483
2022-04-29,4,2022,4,584510
2022-04-30,4,2022,5,745639
2022-05-01,5,2022,6,733742
2022-05-02,5,2022,0,890276
2022-05-03,5,2022,1,465451
2022-05-04,5,2022,2,660900
2022-05-05,5,2022,3,747524
2022-05-06,5,2022,4,503669
2022-05-07,5,2022,5,470414
2022-05-08,5,2022,6,756690
2022-05-09,5,2022,0,810479
2022-05-10,5,2022,1,680532
2022-05-11,5,2022,2,716107
2022-05-12,5,2022,3,516732
2022-05-13,5,2022,4,725370
2022-05-14,5,2022,5,520952
2022-05-15,5,2022,6,802194
2022-05-16,5,2022,0,963061
2022-05-17,5,2022,1,604637
2022-05-18,5,2022,2,497183
2022-05-19,5,2022,3,447362
2022-05-20,5,2022,4,448537
2022-05-21,5,2022,5,505400
2022-05-22,5,2022,6,702428
2022-05-23,5,2022,0,777458
2022-05-24,5,2022,1,547820
2022-05-25,5,2022,2,638905
2022-05-26,5,2022,3,414710
2022-05-27,5,2022,4,575655
2022-05-28,5,2022,5,548983
2022-05-29,5,2022,6,927719
2022-05-30,5,2022,0,708805
2022-05-31,5,2022,1,744335
2022-06-01,6,2022,2,787846
2022-06-02,6,2022,3,633387
2022-06-03,6,2022,4,630834
2022-06-04,6,2022,5,528063
2022-06-05,6,2022,6,942374
2022-06-06,6,2022,0,743514
2022-06-07,6,2022,1,414989
2022-06-08,6,2022,2,541119
2022-06-09,6,2022,3,674505
2022-06-10,6,2022,4,629404
2022-06-11,6,2022,5,558689
2022-06-12,6,2022,6,756937
2022-06-13,6,2022,0,981765
2022-06-14,6,2022,1,794778
2022-06-15,6,2022,2,423182
2022-06-16,6,2022,3,692772
2022-06-17,6,2022,4,591588
2022-06-18,6,2022,5,568074
2022-06-19,6,2022,6,767083
2022-06-20,6,2022,0,869638
2022-06-21,6,2022,1,663452
2022-06-22,6,2022,2,483466
2022-06-23,6,2022,3,587909
2022-06-24,6,2022,4,437668
2022-06-25,6,2022,5,400735
2022-06-26,6,2022,6,857267
2022-06-27,6,2022,0,775126
2022-06-28,6,2022,1,474752
2022-06-29,6,2022,2,588205
2022-06-30,6,2022,3,497233
2022-07-01,7,2022,4,94404
2022-07-02,7,2022,5,105968
2022-07-03,7,2022,6,297105
2022-07-04,7,2022,0,261207
2022-07-05,7,2022,1,196038
2022-07-06,7,2022,2,192732
2022-07-07,7,2022,3,79732
2022-07-08,7,2022,4,95868
2022-07-09,7,2022,5,142929
2022-07-10,7,2022,6,122497
2022-07-11,7,2022,0,278655
2022-07-12,7,2022,1,129111
2022-07-13,7,2022,2,53972
2022-07-14,7,2022,3,196668
2022-07-15,7,2022,4,55858
2022-07-16,7,2022,5,155669
2022-07-17,7,2022,6,286105
2022-07-18,7,2022,0,213273
2022-07-19,7,2022,1,57515
2022-07-20,7,2022,2,149378
2022-07-21,7,2022,3,92118
2022-07-22,7,2022,4,163411
2022-07-23,7,2022,5,105668
2022-07-24,7,2022,6,185121
2022-07-25,7,2022,0,294576
2022-07-26,7,2022,1,117431
2022-07-27,7,2022,2,64696
2022-07-28,7,2022,3,106109
2022-07-29,7,2022,4,190479
2022-07-30,7,2022,5,150053
2022-07-31,7,2022,6,279202
2022-08-01,8,2022,0,121543
2022-08-02,8,2022,1,113772
2022-08-03,8,2022,2,153706
2022-08-04,8,2022,3,107865
2022-08-05,8,2022,4,108770
2022-08-06,8,2022,5,103038
2022-08-07,8,2022,6,112078
2022-08-08,8,2022,0,129956
2022-08-09,8,2022,1,148667
2022-08-10,8,2022,2,128174
2022-08-11,8,2022,3,106350
2022-08-12,8,2022,4,62428
2022-08-13,8,2022,5,106260
2022-08-14,8,2022,6,195936
2022-08-15,8,2022,0,213510
2022-08-16,8,2022,1,102988
2022-08-17,8,2022,2,151258
2022-08-18,8,2022,3,77400
2022-08-19,8,2022,4,163887
2022-08-20,8,2022,5,128924
2022-08-21,8,2022,6,177194
2022-08-22,8,2022,0,256529
2022-08-23,8,2022,1,76523
2022-08-24,8,2022,2,186364
2022-08-25,8,2022,3,112371
2022-08-26,8,2022,4,138687
2022-08-27,8,2022,5,67185
2022-08-28,8,2022,6,184433
2022-08-29,8,2022,0,103534
2022-08-30,8,2022,1,65136
2022-08-31,8,2022,2,184320
2022-09-01,9,2022,3,71088
2022-09-02,9,2022,4,126314
2022-09-03,9,2022,5,172917
2022-09-04,9,2022,6,279130
2022-09-05,9,2022,0,222726
2022-09-06,9,2022,1,83257
2022-09-07,9,2022,2,184049
2022-09-08,9,2022,3,134583
2022-09-09,9,2022,4,98535
2022-09-10,9,2022,5,155915
2022-09-11,9,2022,6,145465
2022-09-12,9,2022,0,153062
2022-09-13,9,2022,1,180441
2022-09-14,9,2022,2,91886
2022-09-15,9,2022,3,109342
2022-09-16,9,2022,4,168673
2022-09-17,9,2022,5,89987
2022-09-18,9,2022,6,105830
2022-09-19,9,2022,0,285059
2022-09-20,9,2022,1,163966
2022-09-21,9,2022,2,172614
2022-09-22,9,2022,3,126010
2022-09-23,9,2022,4,105858
2022-09-24,9,2022,5,122676
2022-09-25,9,2022,6,295698
2022-09-26,9,2022,0,262836
2022-09-27,9,2022,1,100539
2022-09-28,9,2022,2,83248
2022-09-29,9,2022,3,155761
2022-09-30,9,2022,4,122817
2022-10-01,10,2022,5,153983
2022-10-02,10,2022,6,174427
2022-10-03,10,2022,0,132215
2022-10-04,10,2022,1,129843
2022-10-05,10,2022,2,69135
2022-10-06,10,2022,3,149394
2022-10-07,10,2022,4,142368
2022-10-08,10,2022,5,189828
2022-10-09,10,2022,6,224515
2022-10-10,10,2022,0,277941
2022-10-11,10,2022,1,163941
2022-10-12,10,2022,2,144757
2022-10-13,10,2022,3,64534
2022-10-14,10,2022,4,95200
2022-10-15,10,2022,5,62169
2022-10-16,10,2022,6,177952
2022-10-17,10,2022,0,286451
2022-10-18,10,2022,1,181458
2022-10-19,10,2022,2,131532
2022-10-20,10,2022,3,71651
2022-10-21,10,2022,4,184348
2022-10-22,10,2022,5,65418
2022-10-23,10,2022,6,238754
2022-10-24,10,2022,0,199925
2022-10-25,10,2022,1,60164
2022-10-26,10,2022,2,95842
2022-10-27,10,2022,3,56534
2022-10-28,10,2022,4,103979
2022-10-29,10,2022,5,77103
2022-10-30,10,2022,6,111362
2022-10-31,10,2022,0,185598
2022-11-01,11,2022,1,766414
2022-11-02,11,2022,2,402387
2022-11-03,11,2022,3,448530
2022-11-04,11,2022,4,556724
2022-11-05,11,2022,5,537332
2022-11-06,11,2022,6,733329
2022-11-07,11,2022,0,835776
2022-11-08,11,2022,1,526478
2022-11-09,11,2022,2,644962
2022-11-10,11,2022,3,469305
2022-11-11,11,2022,4,486300
2022-11-12,11,2022,5,548528
2022-11-13,11,2022,6,817015
2022-11-14,11,2022,0,979637
2022-11-15,11,2022,1,651209
2022-11-16,11,2022,2,409890
2022-11-17,11,2022,3,415969
2022-11-18,11,2022,4,529046
2022-11-19,11,2022,5,559390
2022-11-20,11,2022,6,811526
2022-11-21,11,2022,0,791469
2022-11-22,11,2022,1,747987
2022-11-23,11,2022,2,718309
2022-11-24,11,2022,3,637704
2022-11-25,11,2022,4,425034
2022-11-26,11,2022,5,625504
2022-11-27,11,2022,6,989673
2022-11-28,11,2022,0,829686
2022-11-29,11,2022,1,600869
2022-11-30,11,2022,2,566966
2022-12-01,12,2022,3,471384
2022-12-02,12,2022,4,492851
2022-12-03,12,2022,5,517975
2022-12-04,12,2022,6,747167
2022-12-05,12,2022,0,930548
2022-12-06,12,2022,1,535978
2022-12-07,12,2022,2,534340
2022-12-08,12,2022,3,599539
2022-12-09,12,2022,4,489092
2022-12-10,12,2022,5,442436
2022-12-11,12,2022,6,848417
2022-12-12,12,2022,0,976893
2022-12-13,12,2022,1,437426
2022-12-14,12,2022,2,565990
2022-12-15,12,2022,3,516423
2022-12-16,12,2022,4,600055
2022-12-17,12,2022,5,550865
2022-12-18,12,2022,6,725760
2022-12-19,12,2022,0,717904
2022-12-20,12,2022,1,561844
2022-12-21,12,2022,2,797201
2022-12-22,12,2022,3,591578
2022-12-23,12,2022,4,782865
2022-12-24,12,2022,5,688484
2022-12-25,12,2022,6,725788
2022-12-26,12,2022,0,796021
2022-12-27,12,2022,1,533774
2022-12-28,12,2022,2,504595
2022-12-29,12,2022,3,749120
2022-12-30,12,2022,4,643662
2022-12-31,12,2022,5,537171
